Symbol,Date,Expiry,Strike Price,Put Price,Call Price,Close,Volatility
NIFTY,22-Jan-2014,29-Jun-2017,7700,425.05,2558.6,6338.95,0.453391495257202
NIFTY,14-Jan-2014,30-Jun-2016,4000,99,2612.45,6241.85,0.205148557898305
NIFTY,12-Mar-2014,28-Dec-2017,4200,0.85,3122.55,6516.9,0.91650240024065
NIFTY,05-Feb-2014,28-Dec-2017,6300,55.1,2868.9,6022.4,
NIFTY,30-Jan-2014,30-Jan-2014,5500,0.05,1583.25,6073.7,
NIFTY,10-Jan-2014,24-Dec-2014,3800,5.95,1356.75,6171.45,
NIFTY,09-Jan-2014,24-Dec-2014,2700,20,250,6168.35,0.534085159170837
NIFTY,14-Jan-2014,29-Dec-2016,3600,173.3,1443.85,6241.85,0.357775490488321
NIFTY,21-Jan-2014,25-Sep-2014,7000,1041.35,1193.85,6313.8,1.01791424515756
NIFTY,01-Jan-2014,25-Jun-2015,4300,237,1635.5,6301.65,0.2198887752228
NIFTY,22-Jan-2014,25-Sep-2014,7700,1487.1,502.85,6338.95,0.115496001066145
NIFTY,10-Jan-2014,28-Dec-2017,6400,62.65,2130,6171.45,0.537744380214953
NIFTY,17-Feb-2014,27-Mar-2014,4800,3.05,1587.5,6073.3,0.222132906424959
NIFTY,10-Mar-2014,27-Dec-2018,7600,360.35,1860.05,6537.25,0.139862404018665
NIFTY,28-Jan-2014,28-Jun-2018,6500,406.85,1934.65,6126.25,0.157490783172955
NIFTY,28-Jan-2014,27-Dec-2018,4900,33.95,2375.95,6126.25,
NIFTY,20-Mar-2014,31-Dec-2015,4200,266,3558.65,6483.1,
NIFTY,11-Mar-2014,31-Dec-2015,3800,6.75,255.6,6511.9,
NIFTY,06-Feb-2014,29-Jun-2017,5900,194.95,2166.25,6036.3,0.505714084423726
NIFTY,14-Jan-2014,24-Dec-2014,3900,48,610.15,6241.85,0.303788892526839
NIFTY,04-Mar-2014,24-Dec-2014,4400,392.95,3110.6,6297.95,
NIFTY,14-Jan-2014,27-Dec-2018,7300,300.05,1860.05,6241.85,1.00381341229984
NIFTY,13-Feb-2014,26-Jun-2014,6200,295.55,3070,6001.1,0.351750224813916
NIFTY,07-Mar-2014,28-Dec-2017,5600,19.45,2189.45,6526.65,
NIFTY,03-Mar-2014,27-Mar-2014,4600,0.4,1961.05,6221.45,0.622356734782178
NIFTY,10-Feb-2014,24-Dec-2014,7400,437.85,1241.9,6053.45,0.489016489350907
NIFTY,06-Feb-2014,25-Jun-2015,6400,315.35,920,6036.3,-0.123079641094673
NIFTY,08-Jan-2014,25-Jun-2015,5500,610,920,6174.6,0.385177045297008
NIFTY,25-Feb-2014,24-Apr-2014,5500,9.3,9.7,6200.05,0.351286347870744
NIFTY,24-Feb-2014,27-Mar-2014,7100,680,866.7,6186.1,0.221059410132504
NIFTY,14-Jan-2014,27-Dec-2018,4000,8.5,2375.95,6241.85,
NIFTY,07-Jan-2014,27-Mar-2014,5450,8.3,48,6162.25,0.335784959002622
NIFTY,20-Jan-2014,29-Dec-2016,6900,573.05,2323.55,6303.95,0.460961648099354
NIFTY,17-Feb-2014,25-Sep-2014,7300,1224.45,135,6073.3,
NIFTY,13-Jan-2014,26-Feb-2014,5500,6.05,11.6,6272.75,0.309668900564089
NIFTY,21-Feb-2014,26-Jun-2014,7000,811.5,3043.45,6155.45,
NIFTY,31-Jan-2014,24-Apr-2014,7300,1077.4,230.35,6089.5,
NIFTY,25-Feb-2014,31-Dec-2015,7100,293.85,370,6200.05,-0.029339032280635
NIFTY,07-Mar-2014,28-Jun-2018,5500,207.65,2206.55,6526.65,
NIFTY,20-Jan-2014,26-Jun-2014,6300,325,22,6303.95,0.184204516422737
NIFTY,07-Mar-2014,25-Jun-2015,5200,220.05,1266,6526.65,0.102506911448142
NIFTY,03-Feb-2014,24-Apr-2014,7200,981.75,9,6001.8,0.139404602027027
NIFTY,25-Feb-2014,25-Sep-2014,5400,311.85,1431.6,6200.05,
NIFTY,27-Jan-2014,25-Jun-2015,8100,586.75,2808.35,6135.85,0.118078730181979
NIFTY,09-Jan-2014,31-Dec-2015,4100,11.8,1456.4,6168.35,0.387563027769055
NIFTY,22-Mar-2014,24-Dec-2014,4800,108,1493.1,6494.9,0.360427311248286
NIFTY,05-Mar-2014,27-Dec-2018,6200,133.4,2531.1,6328.65,0.041788802159662
NIFTY,24-Feb-2014,24-Dec-2014,5300,665.2,201,6186.1,
NIFTY,07-Jan-2014,27-Dec-2018,8400,553.05,2226.8,6162.25,0.616670650161432
NIFTY,14-Feb-2014,27-Mar-2014,5250,2.8,860,6048.35,0.437160995178444
NIFTY,10-Mar-2014,27-Mar-2014,6200,12.5,326.7,6537.25,0.195780541826409
NIFTY,20-Feb-2014,26-Feb-2014,5000,0.45,1104.25,6091.45,0.173398219712922
NIFTY,28-Feb-2014,27-Mar-2014,7500,1198.2,2,6276.95,0.144045088151921
NIFTY,07-Mar-2014,27-Dec-2018,6400,157.5,2178.45,6526.65,
NIFTY,11-Mar-2014,25-Sep-2014,4800,158.35,180,6511.9,0.293823306150292
NIFTY,28-Jan-2014,26-Jun-2014,8500,2103.15,1265.6,6126.25,0.192648019657468
NIFTY,05-Mar-2014,25-Sep-2014,4000,43.5,2644.95,6328.65,0.593962250828835
NIFTY,08-Jan-2014,26-Feb-2014,5050,6.1,350,6174.6,0.38226644443835
NIFTY,07-Jan-2014,31-Dec-2015,8000,498,3373.75,6162.25,
NIFTY,03-Mar-2014,29-Jun-2017,5500,136.1,1807.5,6221.45,0.245673237233382
NIFTY,24-Jan-2014,28-Dec-2017,6600,80.05,2249.4,6266.75,0.305904627318496
NIFTY,14-Feb-2014,31-Dec-2015,3900,8.2,3558.65,6048.35,0.572586472539514
NIFTY,10-Feb-2014,28-Dec-2017,8800,928.65,1012.45,6053.45,
NIFTY,23-Jan-2014,30-Jan-2014,4700,0.1,5.85,6345.65,
NIFTY,06-Jan-2014,27-Dec-2018,7100,263.5,1734.4,6191.45,0.097311214983724
NIFTY,18-Feb-2014,26-Jun-2014,7800,620.75,36.9,6127.1,0.195704631815289
NIFTY,03-Jan-2014,24-Dec-2014,5300,665.2,3532.1,6211.15,
NIFTY,21-Mar-2014,29-Dec-2016,4200,209,2278.4,6493.2,
NIFTY,20-Mar-2014,24-Apr-2014,6350,55.35,188.8,6483.1,0.309542830328591
NIFTY,17-Jan-2014,25-Sep-2014,4900,179.45,2644.95,6261.65,
NIFTY,05-Mar-2014,24-Apr-2014,7450,1222.2,4.05,6328.65,1.83335665634857
NIFTY,16-Jan-2014,29-Dec-2016,5800,548.9,1904.75,6318.9,
NIFTY,19-Feb-2014,29-Dec-2016,5400,443.55,1654.5,6152.75,
NIFTY,22-Jan-2014,29-Dec-2016,4000,228.1,1499.45,6338.95,0.981438951325808
NIFTY,25-Feb-2014,30-Jun-2016,8300,575.3,617.45,6200.05,0.700693605003528
NIFTY,19-Mar-2014,24-Dec-2014,7600,495.15,215.9,6524.05,0.08723494627279
NIFTY,10-Jan-2014,31-Dec-2015,7900,472.45,3435.1,6171.45,0.140714680288348
NIFTY,04-Mar-2014,24-Dec-2014,3700,4.75,3313.45,6297.95,
NIFTY,06-Mar-2014,29-Dec-2016,3900,150.85,2416.3,6401.15,0.301175770733276
NIFTY,18-Mar-2014,27-Mar-2014,6750,210,1439.5,6516.65,
NIFTY,04-Feb-2014,25-Sep-2014,7600,1419.4,278.6,6000.9,0.312419875757323
NIFTY,13-Mar-2014,26-Jun-2014,8200,772.6,878.7,6493.1,
NIFTY,14-Jan-2014,30-Jun-2016,4800,378.85,3176.3,6241.85,
NIFTY,25-Feb-2014,28-Jun-2018,6300,360.9,2067.15,6200.05,0.673739948139557
NIFTY,16-Jan-2014,30-Jun-2016,6600,635,719.8,6318.9,0.389971197482943
NIFTY,12-Mar-2014,29-Jun-2017,6500,308.5,1446.6,6516.9,
NIFTY,30-Jan-2014,29-Dec-2016,7700,485.6,889.7,6073.7,0.189318449175519
NIFTY,18-Feb-2014,30-Jun-2016,3100,23.3,3007.3,6127.1,
NIFTY,30-Jan-2014,25-Sep-2014,4300,77.45,893.8,6073.7,1.1308231009982
NIFTY,09-Jan-2014,27-Dec-2018,8700,637.3,2325.55,6168.35,0.601556351912349
NIFTY,13-Mar-2014,29-Dec-2016,5400,443.55,1793.3,6493.1,0.341956160261306
NIFTY,03-Jan-2014,24-Dec-2014,6100,265.65,2742.1,6211.15,0.246614373196666
NIFTY,14-Jan-2014,25-Jun-2015,4900,513.6,1610.95,6241.85,
NIFTY,21-Jan-2014,30-Jun-2016,8100,495.8,1716.45,6313.8,
NIFTY,26-Feb-2014,28-Dec-2017,3700,0.1,3575.15,6238.8,0.14388695666501
NIFTY,14-Jan-2014,24-Dec-2014,3200,15.65,1451.2,6241.85,0.882235539132049
NIFTY,13-Feb-2014,29-Dec-2016,5900,576.9,1549.7,6001.1,0.583873332849043
NIFTY,27-Jan-2014,25-Sep-2014,6800,926.5,1309.1,6135.85,0.227574472854484
NIFTY,21-Mar-2014,24-Apr-2014,4600,0.35,1943,6493.2,0.319944764865556
NIFTY,03-Jan-2014,24-Dec-2014,5200,692.5,1167.5,6211.15,0.508273568623588
NIFTY,10-Feb-2014,25-Jun-2015,3300,21.15,2753.3,6053.45,0.116032377346703
NIFTY,14-Feb-2014,27-Mar-2014,6050,105.35,116.6,6048.35,0.185352588474459
NIFTY,06-Jan-2014,26-Jun-2014,6100,287.15,2973,6191.45,2.24031134958039
NIFTY,14-Feb-2014,26-Feb-2014,7850,1340.05,9.9,6048.35,1.4081175039874
NIFTY,03-Feb-2014,27-Mar-2014,4750,0.05,1780.4,6001.8,-1.38458621767602
NIFTY,10-Jan-2014,26-Feb-2014,6500,311.4,935,6171.45,
NIFTY,22-Mar-2014,27-Dec-2018,3600,1.2,3782.65,6494.9,0.818839781487077
NIFTY,04-Feb-2014,30-Jun-2016,6600,742,3176.3,6000.9,0.482216997001119
NIFTY,28-Feb-2014,25-Jun-2015,7300,370.8,1841.7,6276.95,
NIFTY,18-Mar-2014,29-May-2014,7800,1343.55,616.35,6516.65,
NIFTY,04-Mar-2014,27-Dec-2018,4100,10.2,3687.85,6297.95,0.189146062152843
NIFTY,24-Feb-2014,30-Jun-2016,3100,23.3,2941.35,6186.1,
NIFTY,26-Feb-2014,24-Dec-2014,8800,1761.45,232,6238.8,0.882143344942141
NIFTY,18-Feb-2014,29-Dec-2016,2800,41.25,2978.25,6127.1,0.236715055606288
NIFTY,12-Feb-2014,25-Jun-2015,4600,161.85,1819,6084,0.165279665277428
NIFTY,13-Mar-2014,29-May-2014,6850,488.8,210.65,6493.1,0.740786393948314
NIFTY,28-Jan-2014,25-Jun-2015,4800,215,1674.4,6126.25,
NIFTY,07-Jan-2014,28-Jun-2018,4500,83.15,1472.65,6162.25,
NIFTY,12-Feb-2014,25-Jun-2015,5700,532,884.4,6084,
NIFTY,04-Mar-2014,29-Jun-2017,6100,229.3,1615.85,6297.95,
NIFTY,12-Mar-2014,24-Apr-2014,4950,0.3,1066.35,6516.9,0.925057009374103
NIFTY,05-Feb-2014,25-Sep-2014,5900,490.65,2148.55,6022.4,0.628303490768709
NIFTY,07-Feb-2014,30-Jun-2016,5700,450,1345,6063.2,0.375868464750478
NIFTY,23-Jan-2014,29-Dec-2016,4300,212.6,1562,6345.65,0.159092720613902
NIFTY,21-Jan-2014,28-Dec-2017,3700,0.1,1318.35,6313.8,1.07008775229304
NIFTY,06-Jan-2014,25-Jun-2015,5400,436.6,1648.45,6191.45,
NIFTY,26-Feb-2014,24-Dec-2014,5100,626.25,2882.95,6238.8,0.16190905586694
NIFTY,05-Mar-2014,25-Jun-2015,5000,253,1200.05,6328.65,0.12258363437985
NIFTY,21-Mar-2014,29-Dec-2016,5500,510,1793.3,6493.2,0.882614553310398
NIFTY,30-Jan-2014,30-Jun-2016,6000,405.75,1676.55,6073.7,
NIFTY,04-Mar-2014,25-Jun-2015,7500,825,1548.85,6297.95,0.405407022588902
NIFTY,07-Mar-2014,29-Jun-2017,4000,148.35,2558.6,6526.65,0.789727981140224
NIFTY,05-Feb-2014,26-Jun-2014,6400,395,1070,6022.4,1.27812681721072
NIFTY,05-Feb-2014,28-Jun-2018,4600,92.45,2453.9,6022.4,0.502572700469205
NIFTY,19-Feb-2014,31-Dec-2015,6400,617.2,2838.9,6152.75,0.070121535454717
NIFTY,03-Jan-2014,28-Jun-2018,5900,278.25,1978.05,6211.15,0.348718695737484
NIFTY,24-Feb-2014,24-Dec-2014,6000,344,232,6186.1,0.210839780001641
NIFTY,10-Mar-2014,29-Dec-2016,7800,349.15,666.65,6537.25,
NIFTY,12-Mar-2014,31-Dec-2015,6400,560,1000,6516.9,
NIFTY,14-Feb-2014,25-Sep-2014,8300,1785.55,107.25,6048.35,
NIFTY,08-Jan-2014,29-Dec-2016,7300,527.8,2661.15,6174.6,
NIFTY,07-Mar-2014,24-Apr-2014,6100,28.4,407.05,6526.65,0.413766751986979
NIFTY,23-Jan-2014,27-Mar-2014,7700,1293.95,1602.55,6345.65,0.779443410799236
NIFTY,06-Feb-2014,29-Jun-2017,8100,333.5,1001.4,6036.3,
NIFTY,07-Jan-2014,30-Jan-2014,7500,1294.2,3,6162.25,
NIFTY,05-Feb-2014,28-Dec-2017,8600,904.85,1677.15,6022.4,
NIFTY,13-Jan-2014,29-Dec-2016,5100,371.85,1499,6272.75,0.146126488434117
NIFTY,13-Mar-2014,27-Mar-2014,8600,1887.45,0.05,6493.1,
NIFTY,10-Feb-2014,30-Jun-2016,3800,17.4,3176.3,6053.45,
NIFTY,09-Jan-2014,30-Jan-2014,7500,1307.2,1.85,6168.35,
NIFTY,13-Feb-2014,26-Jun-2014,4400,382.7,1526.95,6001.1,0.294226273774915
NIFTY,27-Jan-2014,24-Dec-2014,3300,19.5,357.6,6135.85,0.205088709933727
NIFTY,17-Feb-2014,27-Mar-2014,8100,1529.8,1,6073.3,
NIFTY,22-Jan-2014,27-Dec-2018,7300,300.05,1734.4,6338.95,
NIFTY,18-Feb-2014,28-Dec-2017,4600,2.5,3058.95,6127.1,
NIFTY,05-Feb-2014,26-Feb-2014,6750,435.55,102.35,6022.4,0.432388943736521
NIFTY,10-Jan-2014,26-Jun-2014,3000,19.65,3416.75,6171.45,0.324541414047417
NIFTY,24-Feb-2014,24-Dec-2014,8600,779.7,3381.7,6186.1,0.39552665738922
NIFTY,20-Feb-2014,24-Apr-2014,7150,934.35,1207.45,6091.45,
NIFTY,10-Mar-2014,28-Jun-2018,3800,42.75,3119.6,6537.25,0.332937434188673
NIFTY,18-Feb-2014,27-Mar-2014,7600,1321,0.15,6127.1,
NIFTY,15-Jan-2014,26-Feb-2014,5500,4.45,11.6,6320.9,0.17546693573496
NIFTY,07-Mar-2014,24-Dec-2014,6000,215.65,1050,6526.65,
NIFTY,03-Mar-2014,29-May-2014,6150,82.2,630,6221.45,0.325856336147418
NIFTY,26-Feb-2014,31-Dec-2015,4900,250.65,999,6238.8,0.215724894435772
NIFTY,10-Jan-2014,27-Dec-2018,5800,92.8,3626.3,6171.45,
NIFTY,03-Feb-2014,24-Dec-2014,4100,11.05,1405.15,6001.8,
NIFTY,14-Feb-2014,27-Dec-2018,4000,8.5,3565,6048.35,0.520390476701653
NIFTY,03-Mar-2014,27-Dec-2018,7900,427.25,1615.35,6221.45,1.22083682181701
NIFTY,24-Feb-2014,31-Dec-2015,3200,18.25,255.6,6186.1,0.319586975899624
NIFTY,23-Jan-2014,28-Dec-2017,4200,0.85,1187,6345.65,0.134307212088341
NIFTY,21-Mar-2014,31-Dec-2015,4700,306.55,3013.25,6493.2,
NIFTY,04-Feb-2014,27-Mar-2014,4900,4.6,5.05,6000.9,
NIFTY,12-Mar-2014,24-Dec-2014,8700,1758.7,39,6516.9,-0.044910579015925
NIFTY,04-Feb-2014,28-Dec-2017,5900,31.35,2555.5,6000.9,0.198093289279603
NIFTY,22-Mar-2014,26-Jun-2014,4400,382.7,1822,6494.9,0.128871837308002
NIFTY,22-Jan-2014,30-Jan-2014,7400,978.4,0.25,6338.95,0.309823685071802
NIFTY,20-Jan-2014,26-Jun-2014,6600,435.5,54.4,6303.95,
NIFTY,17-Jan-2014,25-Jun-2015,5600,419.35,945.65,6261.65,0.450495533716338
NIFTY,07-Jan-2014,30-Jan-2014,7000,793.05,0.3,6162.25,0.136368571872784
NIFTY,21-Jan-2014,31-Dec-2015,4800,339,1650.7,6313.8,
NIFTY,09-Jan-2014,28-Dec-2017,5600,19.45,1677.15,6168.35,
NIFTY,17-Feb-2014,30-Jun-2016,5900,597.7,1410,6073.3,2.06811469431056
NIFTY,21-Mar-2014,28-Dec-2017,4300,1.1,3122.55,6493.2,0.168365256261879
NIFTY,31-Jan-2014,25-Jun-2015,7500,419.6,190.75,6089.5,0.126188252868949
NIFTY,06-Jan-2014,29-Dec-2016,8800,1124.4,634.25,6191.45,1.56298370786688
NIFTY,27-Jan-2014,24-Dec-2014,8100,655.4,150,6135.85,0.22757488301491
NIFTY,20-Jan-2014,29-Jun-2017,6000,211.7,1620.25,6303.95,0.350648608168598
NIFTY,12-Mar-2014,28-Dec-2017,5100,7.7,2555.5,6516.9,0.057641730801304
NIFTY,05-Feb-2014,25-Jun-2015,4500,130.5,920,6022.4,
NIFTY,18-Mar-2014,29-May-2014,6300,179,69,6516.65,
NIFTY,13-Mar-2014,25-Sep-2014,8200,1710.7,227.15,6493.1,0.19573901193893
NIFTY,04-Mar-2014,27-Mar-2014,5150,1.55,1220.4,6297.95,0.427921008360701
NIFTY,14-Jan-2014,28-Jun-2018,4900,124.45,1440.95,6241.85,0.315102059264204
NIFTY,08-Jan-2014,26-Jun-2014,6500,462.9,65.6,6174.6,0.116779671610428
NIFTY,22-Mar-2014,27-Dec-2018,5500,68.55,2427,6494.9,0.225481928171445
NIFTY,11-Mar-2014,25-Jun-2015,6500,313.45,3502.15,6511.9,0.508477335005493
NIFTY,30-Jan-2014,30-Jun-2016,7300,850,719.8,6073.7,0.186859658335659
NIFTY,07-Mar-2014,24-Dec-2014,6100,265.65,201,6526.65,0.199358956152009
NIFTY,18-Mar-2014,27-Dec-2018,6000,111.85,3755.8,6516.65,0.178718574776003
NIFTY,30-Jan-2014,28-Dec-2017,4700,3.15,2309.85,6073.7,0.542130819090563
NIFTY,03-Feb-2014,25-Jun-2015,3800,6.45,2808.35,6001.8,0.133682483281515
NIFTY,14-Mar-2014,30-Jun-2016,6000,485,1491.6,6504.2,
NIFTY,14-Jan-2014,31-Dec-2015,3000,26.55,2882.65,6241.85,
NIFTY,18-Mar-2014,27-Mar-2014,7500,944.25,344.85,6516.65,-0.050243460221037
NIFTY,05-Feb-2014,28-Jun-2018,4400,74.5,2558.05,6022.4,0.323433016227356
NIFTY,28-Feb-2014,31-Dec-2015,7900,472.45,470,6276.95,
NIFTY,24-Feb-2014,29-Dec-2016,7200,607.1,1417,6186.1,
NIFTY,07-Feb-2014,27-Dec-2018,7900,427.25,1903.4,6063.2,
NIFTY,13-Jan-2014,29-Dec-2016,6500,760.65,2278.4,6272.75,
NIFTY,11-Mar-2014,29-Jun-2017,3500,7.8,2854.15,6511.9,
NIFTY,12-Mar-2014,28-Dec-2017,8400,344.85,972.9,6516.9,0.48844778919665
NIFTY,28-Jan-2014,27-Mar-2014,6400,265.65,20.4,6126.25,0.617590831364936
NIFTY,13-Jan-2014,26-Jun-2014,5400,103,1674.5,6272.75,0.48791532487281
NIFTY,10-Mar-2014,27-Dec-2018,6700,198.7,2584.05,6537.25,0.279247223867309
NIFTY,22-Mar-2014,29-Dec-2016,5700,412.75,1757.6,6494.9,
NIFTY,01-Jan-2014,27-Dec-2018,6700,198.7,1539.35,6301.65,
NIFTY,26-Feb-2014,27-Mar-2014,7100,680,14.05,6238.8,0.349396233509154
NIFTY,29-Jan-2014,27-Mar-2014,5150,1.55,29.55,6120.25,
NIFTY,29-Jan-2014,30-Jun-2016,3600,10.1,3212.75,6120.25,0.113830859509201
NIFTY,05-Feb-2014,24-Apr-2014,4800,0.1,1081.55,6022.4,0.994707769935622
NIFTY,06-Mar-2014,28-Dec-2017,6700,89.9,1786.05,6401.15,-8.39432375857877E-14
NIFTY,20-Mar-2014,29-Jun-2017,3700,11.7,2914.4,6483.1,
NIFTY,22-Jan-2014,30-Jun-2016,5300,514,3095.35,6338.95,0.235109143630625
NIFTY,01-Jan-2014,31-Dec-2015,8400,608.65,3496.7,6301.65,
NIFTY,16-Jan-2014,27-Mar-2014,3900,0.15,767.6,6318.9,0.130769407614432
NIFTY,05-Mar-2014,27-Mar-2014,6250,39.65,138.2,6328.65,0.151977439330336
NIFTY,22-Jan-2014,29-Dec-2016,7400,990.8,2712.3,6338.95,
NIFTY,04-Feb-2014,24-Dec-2014,7400,437.85,1873.3,6000.9,1.08440192895112
NIFTY,29-Jan-2014,30-Jun-2016,7800,424.2,719.8,6120.25,-0.055663383397753
NIFTY,03-Mar-2014,27-Mar-2014,4100,0.5,1978.5,6221.45,0.450536929223907
NIFTY,08-Jan-2014,25-Sep-2014,3900,40,1629,6174.6,0.173406561483491
NIFTY,11-Mar-2014,29-Dec-2016,6800,775,2104.9,6511.9,-0.00910437204062
NIFTY,18-Mar-2014,29-May-2014,7500,900,1309.8,6516.65,0.197361826577615
NIFTY,26-Feb-2014,24-Dec-2014,4400,392.95,3575,6238.8,0.363778829026587
NIFTY,17-Feb-2014,26-Feb-2014,4550,1.5,1439,6073.3,0.742789333166728
NIFTY,06-Jan-2014,29-Dec-2016,7400,990.8,2561,6191.45,0.228356151072923
NIFTY,05-Mar-2014,24-Dec-2014,5300,665.2,1528.7,6328.65,0.384582421126035
NIFTY,06-Feb-2014,28-Dec-2017,6500,70.95,1731.2,6036.3,
NIFTY,03-Mar-2014,27-Dec-2018,8700,637.3,1654.3,6221.45,0.311032261673044
NIFTY,18-Mar-2014,29-Dec-2016,7200,607.1,2869.85,6516.65,0.210741512372669
NIFTY,05-Feb-2014,28-Jun-2018,7600,800.55,3119.6,6022.4,1.24491581480668
NIFTY,21-Jan-2014,29-Jun-2017,4500,43.2,1140.45,6313.8,0.142319319842268
NIFTY,31-Jan-2014,29-Jun-2017,8500,436.65,2794.25,6089.5,
NIFTY,10-Mar-2014,30-Jun-2016,4200,149.5,2200,6537.25,0.41433553819759
NIFTY,20-Jan-2014,24-Dec-2014,7400,437.85,3245.5,6303.95,
NIFTY,06-Feb-2014,26-Feb-2014,6450,420.9,1069.1,6036.3,0.105339966580481
NIFTY,20-Mar-2014,27-Mar-2014,6250,3.25,612.6,6483.1,0.193892623238863
NIFTY,28-Feb-2014,28-Dec-2017,4400,1.5,3122.55,6276.95,
NIFTY,13-Jan-2014,30-Jun-2016,8400,617.4,1883.5,6272.75,
NIFTY,18-Feb-2014,25-Jun-2015,5600,419.35,1260.9,6127.1,0.267786270292897
NIFTY,18-Feb-2014,30-Jun-2016,5800,477.4,1265.65,6127.1,
NIFTY,04-Mar-2014,28-Jun-2018,6600,431,1850.2,6297.95,0.089398595974673
NIFTY,22-Jan-2014,25-Sep-2014,7100,1101,1431.6,6338.95,0.469468558271279
NIFTY,12-Feb-2014,27-Mar-2014,5400,9.35,542.75,6084,0.605057789397117
NIFTY,10-Mar-2014,26-Jun-2014,3800,5.3,3328.65,6537.25,0.216674954861102
NIFTY,16-Jan-2014,30-Jun-2016,8600,1174.15,1840.6,6318.9,
NIFTY,09-Jan-2014,26-Jun-2014,5100,60,30.45,6168.35,
NIFTY,20-Jan-2014,25-Sep-2014,7500,1353.15,403.65,6303.95,
NIFTY,18-Feb-2014,27-Mar-2014,8000,1700,0.05,6127.1,0.160611861952648
NIFTY,12-Feb-2014,25-Sep-2014,7400,1288.15,135,6084,0.332765016998081
NIFTY,13-Mar-2014,28-Dec-2017,5800,26.9,2249.4,6493.1,0.421044098024744
NIFTY,24-Feb-2014,29-Dec-2016,3900,150.85,2323.55,6186.1,
NIFTY,09-Jan-2014,27-Mar-2014,8800,2400,2680,6168.35,
NIFTY,17-Feb-2014,27-Mar-2014,5200,2.45,1139.5,6073.3,
NIFTY,03-Mar-2014,29-May-2014,5850,22.65,254.75,6221.45,
NIFTY,20-Jan-2014,26-Jun-2014,3000,19.65,3416.75,6303.95,
NIFTY,17-Feb-2014,27-Dec-2018,8400,553.05,1466.5,6073.3,0.499237691217979
NIFTY,28-Jan-2014,30-Jun-2016,7800,424.2,2848.85,6126.25,
NIFTY,13-Feb-2014,30-Jun-2016,5800,477.4,2454.3,6001.1,1.08011140253365
NIFTY,11-Mar-2014,26-Jun-2014,6200,200,3060,6511.9,0.519952929844897
NIFTY,06-Jan-2014,29-Dec-2016,7000,568.65,2416.3,6191.45,0.290030666400355
NIFTY,25-Feb-2014,24-Apr-2014,7200,981.75,1472.2,6200.05,0.427903036984213
NIFTY,19-Feb-2014,27-Mar-2014,6700,524,1.8,6152.75,
NIFTY,11-Feb-2014,28-Jun-2018,4200,59,2774.9,6062.7,
NIFTY,25-Feb-2014,24-Dec-2014,5000,120,3313.45,6200.05,
NIFTY,14-Feb-2014,27-Dec-2018,5400,61.55,3086.8,6048.35,0.182971986882786
NIFTY,17-Jan-2014,28-Jun-2018,4700,102.45,1652.25,6261.65,-0.00449108058616
NIFTY,05-Feb-2014,29-Jun-2017,3700,11.7,2060,6022.4,
NIFTY,21-Jan-2014,24-Dec-2014,8100,655.4,150,6313.8,0.269565302415267
NIFTY,11-Mar-2014,30-Jun-2016,3500,10.45,3117.75,6511.9,
NIFTY,31-Jan-2014,25-Jun-2015,6600,331.4,2091.2,6089.5,0.439314304845567
NIFTY,29-Jan-2014,29-Dec-2016,3500,101.05,2923.75,6120.25,-0.006240756162876
NIFTY,16-Jan-2014,29-Dec-2016,7000,568.65,2610.7,6318.9,0.241837239492705
NIFTY,06-Jan-2014,27-Mar-2014,6500,295.25,1245.85,6191.45,0.238668474899702
NIFTY,20-Mar-2014,30-Jun-2016,4500,252,2888,6483.1,0.217214855290736
NIFTY,22-Mar-2014,27-Mar-2014,6750,234.5,1.65,6494.9,0.79872680972025
NIFTY,21-Jan-2014,25-Jun-2015,3100,21.1,157.95,6313.8,0.628852042921347
NIFTY,10-Mar-2014,29-May-2014,5250,0.4,731.55,6537.25,0.116487688603846
NIFTY,31-Jan-2014,28-Jun-2018,4800,113.1,2254.55,6089.5,0.226473389902681
NIFTY,14-Mar-2014,25-Jun-2015,3100,21.1,2808.35,6504.2,
NIFTY,20-Mar-2014,27-Mar-2014,3500,0.05,2142.3,6483.1,0.804447324413408
NIFTY,21-Mar-2014,29-May-2014,7150,752.2,12.2,6493.2,0.367933816911256
NIFTY,29-Jan-2014,26-Feb-2014,7250,1019.85,3.05,6120.25,0.152159630322484
NIFTY,10-Feb-2014,28-Dec-2017,7800,239.1,1277.25,6053.45,0.103457202368565
NIFTY,13-Mar-2014,27-Mar-2014,5050,0.8,1504.35,6493.1,1.5468361817458
NIFTY,26-Feb-2014,27-Dec-2018,5900,102.05,2857.95,6238.8,0.484283038553366
NIFTY,03-Mar-2014,24-Dec-2014,5600,824.5,1414.7,6221.45,
NIFTY,03-Jan-2014,30-Jan-2014,4600,0.3,127.25,6211.15,
NIFTY,03-Feb-2014,29-Dec-2016,3000,82.25,1904.75,6001.8,-0.00449108058616
NIFTY,20-Feb-2014,28-Jun-2018,6300,360.9,2402.9,6091.45,
NIFTY,10-Jan-2014,25-Jun-2015,8100,586.75,3643.55,6171.45,0.484722754866656
NIFTY,28-Jan-2014,28-Jun-2018,5100,149.25,2719.65,6126.25,0.604635419174192
NIFTY,06-Feb-2014,30-Jun-2016,5700,450,1410,6036.3,0.919312084678258
NIFTY,12-Feb-2014,28-Dec-2017,7300,167.65,1420,6084,0.470785212483528
NIFTY,05-Feb-2014,27-Mar-2014,4650,0.05,1511.95,6022.4,0.350268278653156
NIFTY,07-Jan-2014,26-Jun-2014,5400,103,1450,6162.25,-0.347287175292118
NIFTY,19-Feb-2014,27-Mar-2014,5050,0.8,1690.45,6152.75,
NIFTY,04-Mar-2014,29-Jun-2017,5500,136.1,1906.15,6297.95,
NIFTY,13-Jan-2014,26-Jun-2014,3300,17.2,2768.8,6272.75,
NIFTY,22-Jan-2014,24-Dec-2014,6100,265.65,1364.65,6338.95,0.26347539560863
NIFTY,02-Jan-2014,29-Jun-2017,4500,43.2,1140.45,6221.15,1.59359281027365
NIFTY,21-Mar-2014,30-Jun-2016,2700,39.6,3066.25,6493.2,0.137324561673582
NIFTY,26-Feb-2014,24-Apr-2014,7150,934.35,1374.35,6238.8,
NIFTY,18-Feb-2014,28-Dec-2017,6700,89.9,1371.4,6127.1,0.797291378936266
NIFTY,17-Feb-2014,30-Jun-2016,5500,311,1435.7,6073.3,
NIFTY,23-Jan-2014,28-Dec-2017,8400,344.85,3447.15,6345.65,
NIFTY,25-Feb-2014,30-Jun-2016,6600,742,1327.5,6200.05,0.165087049238249
NIFTY,03-Feb-2014,26-Jun-2014,7700,585.45,40,6001.8,
NIFTY,21-Jan-2014,27-Mar-2014,5900,35.65,5.5,6313.8,
NIFTY,22-Jan-2014,30-Jun-2016,7800,424.2,1524.3,6338.95,
NIFTY,21-Jan-2014,24-Dec-2014,8100,655.4,150,6313.8,0.388426694516814
NIFTY,02-Jan-2014,26-Jun-2014,5500,99.85,1526.95,6221.15,
NIFTY,17-Feb-2014,25-Sep-2014,6200,620.3,893.8,6073.3,1.34751438801697
NIFTY,19-Feb-2014,26-Jun-2014,3000,19.65,36.9,6152.75,1.41642681458767
NIFTY,25-Feb-2014,30-Jun-2016,5500,311,1421,6200.05,0.300870692314428
NIFTY,07-Mar-2014,29-May-2014,4800,0.05,1212.25,6526.65,0.321210462613904
NIFTY,24-Jan-2014,27-Mar-2014,6350,160,1.3,6266.75,0.271271266645248
NIFTY,25-Feb-2014,27-Mar-2014,7700,1293.95,66.7,6200.05,
NIFTY,03-Jan-2014,30-Jun-2016,7900,422.7,1676.55,6211.15,0.24677207758371
NIFTY,20-Jan-2014,26-Jun-2014,6000,223.15,2973,6303.95,0.180260750405848
NIFTY,06-Feb-2014,27-Mar-2014,4550,0.05,1961.05,6036.3,0.022672308504634
NIFTY,18-Mar-2014,26-Jun-2014,3700,4.15,427.7,6516.65,0.210704539844915
NIFTY,26-Feb-2014,25-Jun-2015,4100,11.55,2808.35,6238.8,0.080609200920636
NIFTY,20-Feb-2014,24-Apr-2014,4600,0.05,550,6091.45,0.183375115613082
NIFTY,15-Jan-2014,29-Dec-2016,8700,1193.9,743,6320.9,0.40095786101209
NIFTY,13-Feb-2014,29-Jun-2017,3700,11.7,2112.75,6001.1,0.170493410596835
NIFTY,31-Jan-2014,28-Jun-2018,4900,124.45,2505.6,6089.5,-1.7831105738924E-05
NIFTY,27-Jan-2014,26-Feb-2014,6400,251.05,935,6135.85,0.115828241233943
NIFTY,21-Jan-2014,30-Jan-2014,5600,0.9,1084.45,6313.8,0.816785742634671
NIFTY,14-Feb-2014,25-Jun-2015,8500,715.2,157.95,6048.35,
NIFTY,04-Feb-2014,30-Jun-2016,7000,395.35,510,6000.9,
NIFTY,03-Mar-2014,26-Jun-2014,8200,772.6,36.9,6221.45,0.645382965798145
NIFTY,06-Feb-2014,29-Dec-2016,8400,507.4,782.05,6036.3,0.201635672338538
NIFTY,28-Jan-2014,27-Mar-2014,3500,0.1,1080,6126.25,0.694372297918734
NIFTY,01-Jan-2014,28-Dec-2017,6600,80.05,2189.45,6301.65,0.315337121315503
NIFTY,05-Feb-2014,29-Jun-2017,4900,71.95,2854.15,6022.4,0.185964869998674
NIFTY,03-Jan-2014,28-Jun-2018,3700,37.35,1440.95,6211.15,0.136241930054965
NIFTY,20-Jan-2014,30-Jan-2014,4700,0.1,6.6,6303.95,0.169146390795767
NIFTY,26-Feb-2014,29-Dec-2016,7800,349.15,971.3,6238.8,
NIFTY,06-Mar-2014,28-Jun-2018,4100,52.15,3119.6,6401.15,0.111751570579078
NIFTY,18-Mar-2014,28-Dec-2017,6100,42,2995.5,6516.65,0.456277716889268
NIFTY,12-Feb-2014,30-Jun-2016,3400,19.45,3033.3,6084,0.13990403829259
NIFTY,21-Mar-2014,28-Dec-2017,6400,62.65,1841.7,6493.2,0.244894972075933
NIFTY,19-Mar-2014,29-May-2014,5200,15,1059.25,6524.05,
NIFTY,14-Jan-2014,26-Jun-2014,5200,73.55,1233.55,6241.85,0.194357325422806
NIFTY,21-Jan-2014,26-Jun-2014,7900,657.1,688.5,6313.8,0.175346708171413
NIFTY,07-Jan-2014,29-Jun-2017,4300,32.45,877.35,6162.25,
NIFTY,14-Jan-2014,30-Jun-2016,5700,379.6,3007.3,6241.85,
NIFTY,01-Jan-2014,30-Jan-2014,5950,12.85,1642.25,6301.65,
NIFTY,13-Mar-2014,29-Dec-2016,6000,495,1295,6493.1,0.014404164362689
NIFTY,18-Mar-2014,26-Jun-2014,7700,585.45,3256.9,6516.65,0.206837488986255
NIFTY,21-Mar-2014,28-Jun-2018,3600,32.45,3318.15,6493.2,
NIFTY,29-Jan-2014,25-Jun-2015,6900,306.05,1281.9,6120.25,0.38350108416515
NIFTY,06-Jan-2014,24-Dec-2014,5700,454.5,2882.95,6191.45,0.107104452498778
NIFTY,01-Jan-2014,27-Mar-2014,5100,3.75,15.2,6301.65,
NIFTY,18-Mar-2014,24-Dec-2014,3400,29.2,250,6516.65,
NIFTY,04-Mar-2014,30-Jun-2016,4500,252,2831.75,6297.95,1.29096526176352
NIFTY,18-Mar-2014,25-Jun-2015,6700,332.4,1281.9,6516.65,
NIFTY,08-Jan-2014,24-Dec-2014,5000,115.55,1307.2,6174.6,
NIFTY,22-Mar-2014,29-May-2014,6550,268.7,332,6494.9,0.617904769479712
NIFTY,13-Mar-2014,25-Jun-2015,4900,513.6,2091.2,6493.1,0.126098089515169
NIFTY,03-Jan-2014,29-Dec-2016,6800,630.5,2323.55,6211.15,
NIFTY,13-Mar-2014,29-Jun-2017,8900,762.7,994.65,6493.1,0.120417795174729
NIFTY,27-Jan-2014,24-Dec-2014,6700,356.15,1825.5,6135.85,-7.62472405270151E-07
NIFTY,21-Mar-2014,24-Apr-2014,6500,91,128.75,6493.2,0.137646238678506
NIFTY,05-Feb-2014,25-Sep-2014,5300,281.75,1698.35,6022.4,-0.027348220671907
NIFTY,22-Mar-2014,29-Dec-2016,2900,47.8,2561,6494.9,0.933023590078036
NIFTY,22-Mar-2014,25-Jun-2015,7000,404.55,1635.5,6494.9,0.316619078481471
NIFTY,17-Feb-2014,31-Dec-2015,6500,723,999,6073.3,0.261810249987155
NIFTY,02-Jan-2014,31-Dec-2015,3100,22.5,2965.3,6221.15,
NIFTY,26-Feb-2014,29-Jun-2017,6700,353.4,1641,6238.8,0.392355249702081
NIFTY,21-Mar-2014,25-Sep-2014,8800,1885.65,180.35,6493.2,0.14694976599586
NIFTY,29-Jan-2014,27-Mar-2014,5100,3.75,32.9,6120.25,0.202725837839132
NIFTY,06-Mar-2014,28-Jun-2018,5100,149.25,2558.05,6401.15,
NIFTY,03-Jan-2014,29-Jun-2017,4500,43.2,1001.4,6211.15,0.996132022940149
NIFTY,05-Mar-2014,27-Mar-2014,4750,0.05,1538.9,6328.65,1.06086350306048
NIFTY,29-Jan-2014,24-Dec-2014,7300,410.95,1480.4,6120.25,0.483196186763084
NIFTY,28-Feb-2014,28-Jun-2018,3500,53.5,3531.4,6276.95,0.209507928146864
NIFTY,13-Feb-2014,29-Dec-2016,2900,47.8,2610.7,6001.1,0.101465867718145
NIFTY,23-Jan-2014,31-Dec-2015,8400,608.65,3620.8,6345.65,0.142232675540596
NIFTY,10-Feb-2014,25-Jun-2015,7700,471.7,1347.3,6053.45,0.526629532932056
NIFTY,10-Feb-2014,26-Feb-2014,4650,0.1,1454.1,6053.45,
NIFTY,11-Mar-2014,28-Dec-2017,6200,48.2,1228.3,6511.9,
NIFTY,07-Feb-2014,27-Mar-2014,4850,0.2,1440.2,6063.2,
NIFTY,21-Feb-2014,25-Jun-2015,7300,370.8,1309.6,6155.45,0.013760773395025
NIFTY,06-Feb-2014,27-Mar-2014,7450,1018.85,14.7,6036.3,0.045269351310571
NIFTY,15-Jan-2014,27-Mar-2014,6650,363.85,526.9,6320.9,0.23543237200287
NIFTY,03-Feb-2014,29-Dec-2016,3600,173.3,2190.15,6001.8,0.68955302155435
NIFTY,17-Jan-2014,27-Dec-2018,5200,49.1,3263.3,6261.65,1.31050212141644
NIFTY,19-Feb-2014,24-Apr-2014,5550,40,1570.1,6152.75,
NIFTY,18-Mar-2014,29-May-2014,6250,166,7.75,6516.65,0.277818447703951
NIFTY,18-Feb-2014,26-Feb-2014,6150,52.3,190.85,6127.1,0.274622810899799
NIFTY,08-Jan-2014,31-Dec-2015,3100,22.5,2912.3,6174.6,0.4597677079587
NIFTY,18-Feb-2014,28-Dec-2017,4300,1.1,3122.55,6127.1,0.187810835717555
NIFTY,25-Feb-2014,26-Jun-2014,6900,800,600,6200.05,0.308894720453768
NIFTY,27-Jan-2014,31-Dec-2015,7500,377.05,3435.1,6135.85,
NIFTY,05-Feb-2014,30-Jun-2016,2800,44.3,2888,6022.4,0.115146397062418
NIFTY,04-Mar-2014,28-Jun-2018,8100,896.8,1502,6297.95,1.21591895805752
NIFTY,03-Feb-2014,26-Feb-2014,4600,0.35,1451.45,6001.8,0.167066834283583
NIFTY,21-Jan-2014,30-Jan-2014,5800,1.1,1406.45,6313.8,0.147748756366481
NIFTY,28-Jan-2014,30-Jan-2014,6750,470,29.2,6126.25,0.181189853249888
NIFTY,03-Jan-2014,27-Mar-2014,8600,1887.45,866.7,6211.15,0.806279630848113
NIFTY,30-Jan-2014,31-Dec-2015,7600,399.75,3753.4,6073.7,0.186085755461703
NIFTY,09-Jan-2014,29-Dec-2016,3900,150.85,1443.85,6168.35,
NIFTY,18-Mar-2014,29-Dec-2016,3500,101.05,1654.5,6516.65,0.284887444240649
NIFTY,03-Mar-2014,24-Dec-2014,3600,1.95,3518.95,6221.45,1.35689131240164
NIFTY,06-Feb-2014,27-Mar-2014,5350,4.95,1250.35,6036.3,0.829143197688454
NIFTY,14-Mar-2014,27-Dec-2018,4100,10.2,3749.6,6504.2,0.60512575447283
NIFTY,21-Feb-2014,28-Dec-2017,5300,11.35,2680.2,6155.45,0.214210073718214
NIFTY,21-Feb-2014,25-Sep-2014,5900,490.65,150,6155.45,
NIFTY,17-Feb-2014,28-Dec-2017,3900,0.15,3447.15,6073.3,
NIFTY,07-Feb-2014,28-Dec-2017,7900,233.5,1053.1,6063.2,0.375471957527835
NIFTY,18-Feb-2014,27-Dec-2018,3900,7.05,3755.8,6127.1,0.902184855193605
NIFTY,22-Jan-2014,30-Jun-2016,5500,311,3156.3,6338.95,0.128780140530963
NIFTY,15-Jan-2014,25-Jun-2015,8700,1579.5,2808.35,6320.9,0.557696451999642
NIFTY,08-Jan-2014,26-Jun-2014,7100,397.2,247,6174.6,
NIFTY,24-Feb-2014,30-Jun-2016,4600,248.8,3117.75,6186.1,
NIFTY,30-Jan-2014,28-Jun-2018,8300,967.15,3002.3,6073.7,1.03116452946587
NIFTY,03-Feb-2014,29-Jun-2017,4600,49.45,2616.85,6001.8,
NIFTY,06-Mar-2014,27-Mar-2014,6600,181.45,15.75,6401.15,0.715384258228031
NIFTY,17-Feb-2014,25-Sep-2014,6900,983.15,692.55,6073.3,0.397355792711808
NIFTY,05-Feb-2014,25-Sep-2014,8400,1861.65,212.05,6022.4,0.465037610135251
NIFTY,06-Jan-2014,28-Jun-2018,4600,92.45,1472.65,6191.45,-0.016077847726852
NIFTY,03-Jan-2014,29-Jun-2017,7800,288.3,2500.8,6211.15,0.227614163554204
NIFTY,21-Mar-2014,29-May-2014,5900,79.6,765,6493.2,0.345922317641822
NIFTY,28-Feb-2014,30-Jun-2016,6800,755,1798.5,6276.95,0.032038183065901
NIFTY,17-Jan-2014,28-Dec-2017,3900,0.15,910.95,6261.65,0.160466253731632
NIFTY,21-Jan-2014,25-Sep-2014,4700,139,2256.25,6313.8,
NIFTY,04-Feb-2014,26-Feb-2014,5950,72,2.6,6000.9,
NIFTY,25-Feb-2014,24-Apr-2014,5750,42.6,4.05,6200.05,
NIFTY,03-Feb-2014,25-Sep-2014,7200,1162.05,692.55,6001.8,
NIFTY,10-Mar-2014,27-Mar-2014,4000,0.3,2142.3,6537.25,0.536294200614421
NIFTY,21-Feb-2014,25-Sep-2014,7300,1224.45,212.05,6155.45,0.400114183689736
NIFTY,24-Jan-2014,26-Feb-2014,6450,185,896.8,6266.75,
NIFTY,28-Jan-2014,28-Dec-2017,8600,904.85,3575.15,6126.25,0.903719058487648
NIFTY,13-Feb-2014,29-Jun-2017,5000,80.75,1620.25,6001.1,0.472402989220677
NIFTY,15-Jan-2014,28-Jun-2018,6000,297.75,2067.15,6320.9,
NIFTY,06-Mar-2014,30-Jun-2016,3900,20.45,2845,6401.15,0.592335507337029
NIFTY,10-Feb-2014,28-Dec-2017,7100,138.05,1231.6,6053.45,0.928669128275906
NIFTY,14-Feb-2014,25-Sep-2014,7100,1101,502.85,6048.35,
NIFTY,04-Feb-2014,24-Dec-2014,8400,762.85,1166.45,6000.9,
NIFTY,07-Feb-2014,26-Feb-2014,5550,6,606.5,6063.2,
NIFTY,19-Mar-2014,25-Jun-2015,7000,404.55,1680.15,6524.05,
NIFTY,29-Jan-2014,31-Dec-2015,5100,242.65,3131.8,6120.25,
NIFTY,04-Feb-2014,24-Dec-2014,3400,29.2,232,6000.9,0.243688273699695
NIFTY,03-Jan-2014,30-Jun-2016,6400,271.65,2848.85,6211.15,
NIFTY,11-Feb-2014,24-Dec-2014,7500,1266.5,260,6062.7,0.224051943056112
NIFTY,27-Jan-2014,25-Sep-2014,8700,1864.8,2733.65,6135.85,
NIFTY,15-Jan-2014,26-Feb-2014,4950,3.65,474.8,6320.9,0.534410602549042
NIFTY,29-Jan-2014,28-Dec-2017,5900,31.35,2130,6120.25,0.113701861239929
NIFTY,03-Mar-2014,29-May-2014,7550,1132.15,1.3,6221.45,0.646347891741402
NIFTY,15-Jan-2014,30-Jun-2016,4700,300,2944.7,6320.9,
NIFTY,20-Feb-2014,31-Dec-2015,2700,37.5,2896.5,6091.45,0.983743028499697
NIFTY,03-Mar-2014,29-Dec-2016,7600,536.9,971.3,6221.45,0.468602099251547
NIFTY,26-Feb-2014,25-Jun-2015,5000,253,2828.5,6238.8,0.221337651218595
NIFTY,19-Feb-2014,28-Jun-2018,4900,124.45,2558.05,6152.75,0.390212034689907
NIFTY,06-Mar-2014,27-Dec-2018,6400,157.5,2427,6401.15,
NIFTY,13-Mar-2014,30-Jun-2016,4300,178,2200,6493.1,
NIFTY,01-Jan-2014,28-Jun-2018,8400,1003.25,3119.6,6301.65,0.161720949814715
NIFTY,21-Mar-2014,27-Mar-2014,7500,985.05,0.25,6493.2,0.107561567178056
NIFTY,14-Feb-2014,25-Jun-2015,7500,419.6,1465.7,6048.35,
NIFTY,14-Feb-2014,29-Dec-2016,8800,1124.4,669.1,6048.35,0.301211799464438
NIFTY,04-Mar-2014,24-Dec-2014,8300,726.1,989.95,6297.95,0.116894413056598
NIFTY,15-Jan-2014,27-Mar-2014,5500,15.35,14.7,6320.9,
NIFTY,01-Jan-2014,27-Dec-2018,8100,475.45,2037.8,6301.65,
NIFTY,27-Jan-2014,29-Dec-2016,2800,41.25,954.5,6135.85,0.104281502684646
NIFTY,26-Feb-2014,25-Sep-2014,7400,1288.15,56.85,6238.8,0.411361717471254
NIFTY,27-Jan-2014,29-Jun-2017,3700,11.7,917.45,6135.85,0.255118691661145
NIFTY,29-Jan-2014,29-Jun-2017,7000,510.65,1127.85,6120.25,0.380258857338119
NIFTY,13-Feb-2014,25-Sep-2014,5200,253.45,1139.2,6001.1,0.071149865276689
NIFTY,13-Mar-2014,27-Dec-2018,6500,170.55,2325.55,6493.1,0.221097258386034
NIFTY,06-Feb-2014,26-Feb-2014,4950,3.65,3,6036.3,0.242308786637029
NIFTY,09-Jan-2014,29-Jun-2017,5200,100.65,1325.55,6168.35,
NIFTY,13-Mar-2014,25-Jun-2015,6100,820,1222,6493.1,0.192513137067113
NIFTY,05-Mar-2014,31-Dec-2015,2900,24.7,2764.55,6328.65,0.536397004440553
NIFTY,28-Jan-2014,26-Jun-2014,8600,880.5,1295.8,6126.25,0.172329301695432
NIFTY,07-Feb-2014,25-Jun-2015,8000,556.7,190.75,6063.2,0.418104609947637
NIFTY,04-Feb-2014,28-Dec-2017,3800,0.1,3249.9,6000.9,0.142427937749883
NIFTY,10-Jan-2014,27-Mar-2014,5150,1.55,2.5,6171.45,
NIFTY,26-Feb-2014,30-Jun-2016,7300,1044.1,1637.4,6238.8,0.575612714742365
NIFTY,05-Mar-2014,24-Dec-2014,5500,142.65,1167.5,6328.65,0.533022803352619
NIFTY,25-Feb-2014,25-Jun-2015,3500,38.05,2663.7,6200.05,0.114190095506655
NIFTY,13-Mar-2014,25-Jun-2015,7200,347.7,1591.75,6493.1,0.289385027545508
NIFTY,04-Mar-2014,31-Dec-2015,3900,8.2,3620.8,6297.95,
NIFTY,13-Jan-2014,27-Mar-2014,8300,1701,2289.25,6272.75,0.053862219090542
NIFTY,25-Feb-2014,26-Feb-2014,5400,0.3,998,6200.05,0.161546193975141
NIFTY,05-Feb-2014,27-Mar-2014,6800,850,4.9,6022.4,0.189198279443066
NIFTY,18-Feb-2014,24-Dec-2014,3600,1.95,3381.7,6127.1,0.207157240871472
NIFTY,07-Feb-2014,27-Mar-2014,3500,0.45,2150.6,6063.2,
NIFTY,13-Mar-2014,27-Mar-2014,8700,2141.85,0.05,6493.1,0.298883259473431
NIFTY,22-Jan-2014,31-Dec-2015,4700,306.55,1776.35,6338.95,
NIFTY,25-Feb-2014,27-Dec-2018,8600,608.5,1396.5,6200.05,
NIFTY,30-Jan-2014,28-Jun-2018,7300,620.65,1502,6073.7,0.135715066808846
NIFTY,11-Mar-2014,29-May-2014,6850,488.8,140.9,6511.9,3.43123922681787
NIFTY,30-Jan-2014,25-Sep-2014,6200,620.3,220.85,6073.7,
NIFTY,24-Feb-2014,27-Dec-2018,4000,8.5,3322.95,6186.1,0.624425400101886
NIFTY,13-Feb-2014,28-Dec-2017,4400,1.5,2995.5,6001.1,0.465193804383253
NIFTY,03-Feb-2014,24-Apr-2014,6950,748.55,3.2,6001.8,
NIFTY,22-Jan-2014,28-Dec-2017,8200,296.9,3058.95,6338.95,0.128542733722195
NIFTY,11-Mar-2014,27-Mar-2014,8200,1614.95,26.5,6511.9,0.357131584032289
NIFTY,11-Mar-2014,25-Jun-2015,5000,253,351.75,6511.9,-4.06644448005286E-06
NIFTY,08-Jan-2014,28-Jun-2018,5800,259.5,2112.85,6174.6,0.245270530478096
NIFTY,11-Feb-2014,25-Jun-2015,6300,291.95,1546.8,6062.7,0.162383971559537
NIFTY,07-Feb-2014,27-Mar-2014,7150,748.7,3.5,6063.2,
NIFTY,25-Feb-2014,25-Sep-2014,8500,1852.35,623.45,6200.05,
NIFTY,11-Mar-2014,27-Mar-2014,6650,145.3,77.1,6511.9,0.199300992603305
NIFTY,11-Mar-2014,29-Jun-2017,3400,6.25,2675.55,6511.9,
NIFTY,17-Feb-2014,27-Dec-2018,6100,122.3,2375.95,6073.3,
NIFTY,05-Mar-2014,29-Jun-2017,8800,1020.5,994.65,6328.65,0.198181373458187
NIFTY,25-Feb-2014,25-Sep-2014,6400,715.65,194.4,6200.05,0.219752562395868
NIFTY,27-Jan-2014,29-Jun-2017,7300,493.9,2166.25,6135.85,0.147856213429263
NIFTY,02-Jan-2014,25-Jun-2015,5700,532,1498.7,6221.15,
NIFTY,10-Jan-2014,28-Dec-2017,7100,138.05,2617.7,6171.45,0.130556166126269
NIFTY,10-Mar-2014,24-Apr-2014,7800,1414.2,0.05,6537.25,
NIFTY,31-Jan-2014,26-Jun-2014,3400,27,2451.55,6089.5,0.269669525369527
NIFTY,21-Jan-2014,30-Jan-2014,5800,1.1,1406.45,6313.8,-0.122715144929639
NIFTY,22-Mar-2014,29-May-2014,7550,1132.15,1.75,6494.9,0.548976972206181
NIFTY,21-Mar-2014,25-Sep-2014,8100,1636.6,260.45,6493.2,0.213454128149848
NIFTY,18-Feb-2014,29-Dec-2016,4700,267.4,2022.6,6127.1,0.51672036543514
NIFTY,24-Jan-2014,30-Jun-2016,7300,850,574.45,6266.75,0.331120169440775
NIFTY,29-Jan-2014,30-Jun-2016,8500,648.2,389.5,6120.25,0.510989544063886
NIFTY,12-Mar-2014,29-Dec-2016,4600,318.8,2147.15,6516.9,
NIFTY,09-Jan-2014,29-Dec-2016,3900,150.85,1443.85,6168.35,0.226031386697374
NIFTY,31-Jan-2014,25-Sep-2014,8600,1863.4,325,6089.5,
NIFTY,07-Feb-2014,29-Jun-2017,7300,493.9,1325.55,6063.2,0.65005231028111
NIFTY,17-Feb-2014,30-Jun-2016,4200,149.5,3156.3,6073.3,0.19215812020391
NIFTY,29-Jan-2014,26-Jun-2014,8200,772.6,1265.6,6120.25,
NIFTY,03-Mar-2014,29-Jun-2017,3500,7.8,3035.75,6221.45,0.391143719605996
NIFTY,03-Feb-2014,29-Dec-2016,7300,527.8,2978.25,6001.8,0.124103061169902
NIFTY,19-Feb-2014,28-Jun-2018,5100,149.25,2453.9,6152.75,0.222252927910551
NIFTY,03-Feb-2014,25-Sep-2014,7600,1419.4,808.2,6001.8,
NIFTY,12-Feb-2014,25-Jun-2015,5300,338.6,1056.1,6084,1.43965608034026
NIFTY,31-Jan-2014,27-Mar-2014,8100,1529.8,1,6089.5,0.217302981616857
NIFTY,07-Jan-2014,27-Mar-2014,5450,8.3,48,6162.25,0.574272843755144
NIFTY,18-Feb-2014,28-Jun-2018,8300,967.15,1502,6127.1,
NIFTY,14-Jan-2014,31-Dec-2015,3100,22.5,2912.3,6241.85,0.660260629527865
NIFTY,13-Feb-2014,29-Jun-2017,3300,5,2616.85,6001.1,0.469047385042459
NIFTY,07-Jan-2014,28-Jun-2018,3900,40.1,1533.4,6162.25,0.40273727089855
NIFTY,10-Jan-2014,26-Jun-2014,3400,27,2548.15,6171.45,0.644516896704375
NIFTY,12-Feb-2014,26-Jun-2014,3600,1.65,2070,6084,0.342993324256636
NIFTY,26-Feb-2014,25-Jun-2015,4800,215,3567.55,6238.8,0.156617670079405
NIFTY,05-Feb-2014,31-Dec-2015,8200,551.85,1954.6,6022.4,
NIFTY,13-Feb-2014,31-Dec-2015,5600,275,702,6001.1,0.12352175492334
NIFTY,19-Feb-2014,31-Dec-2015,4300,16.45,2965.3,6152.75,
NIFTY,19-Feb-2014,24-Apr-2014,5350,5.6,1521.15,6152.75,0.698931745762764
NIFTY,23-Jan-2014,29-Jun-2017,6100,229.3,1446.6,6345.65,1.0621123392739
NIFTY,21-Jan-2014,25-Sep-2014,8000,1563.55,560.35,6313.8,0.218448983056142
NIFTY,10-Feb-2014,24-Apr-2014,5400,25.45,1081.55,6053.45,
NIFTY,07-Jan-2014,28-Dec-2017,5900,31.35,1677.15,6162.25,0.437224547320567
NIFTY,06-Mar-2014,24-Apr-2014,4800,0.1,1299.25,6401.15,
NIFTY,10-Jan-2014,26-Jun-2014,4700,190,878.7,6171.45,-0.035683580562951
NIFTY,25-Feb-2014,29-Jun-2017,4100,23.75,2330.8,6200.05,0.527947874819071
NIFTY,05-Mar-2014,29-Jun-2017,8500,436.65,742.2,6328.65,
NIFTY,01-Jan-2014,27-Mar-2014,5350,4.95,87.15,6301.65,0.349803618336677
NIFTY,27-Jan-2014,27-Mar-2014,6650,363.85,240.6,6135.85,0.251293735868199
NIFTY,20-Feb-2014,27-Dec-2018,7800,404.2,1694,6091.45,0.460403047187067
NIFTY,19-Feb-2014,26-Jun-2014,5900,275,125.15,6152.75,0.316456218156654
NIFTY,14-Mar-2014,25-Jun-2015,3300,21.15,3643.55,6504.2,0.327074787590338
NIFTY,23-Jan-2014,27-Dec-2018,5700,84.15,3443.35,6345.65,0.398007810089722
NIFTY,02-Jan-2014,25-Sep-2014,7500,1353.15,1495.65,6221.15,0.094806000990797
NIFTY,01-Jan-2014,24-Dec-2014,3200,15.65,410,6301.65,0.23740760863279
NIFTY,10-Jan-2014,31-Dec-2015,8300,579.85,3620.8,6171.45,0.524388455629559
NIFTY,19-Mar-2014,29-May-2014,5850,88.6,318.25,6524.05,0.490605843491269
NIFTY,07-Jan-2014,29-Dec-2016,3700,124.45,1580.3,6162.25,0.245387056628872
NIFTY,07-Feb-2014,25-Jun-2015,7300,370.8,1680.15,6063.2,0.930205016212948
NIFTY,01-Jan-2014,30-Jun-2016,7100,418.55,802.15,6301.65,0.561499732176992
NIFTY,22-Jan-2014,30-Jan-2014,7850,1387.35,49.3,6338.95,0.34650516903478
NIFTY,06-Feb-2014,31-Dec-2015,3800,6.75,2965.3,6036.3,0.177088551985463
NIFTY,08-Jan-2014,27-Dec-2018,4100,10.2,2637.7,6174.6,0.338349278495448
NIFTY,11-Feb-2014,25-Jun-2015,3200,17.15,2992.5,6062.7,
NIFTY,25-Feb-2014,24-Apr-2014,6750,597.35,92,6200.05,0.290385654386819
NIFTY,02-Jan-2014,24-Dec-2014,8500,2359,1241.9,6221.15,0.248597928165955
NIFTY,19-Feb-2014,26-Jun-2014,7700,585.45,990,6152.75,0.838053926264525
NIFTY,28-Feb-2014,29-May-2014,7650,1229.05,1602.55,6276.95,
NIFTY,14-Mar-2014,24-Apr-2014,5400,2.4,1160.65,6504.2,
NIFTY,06-Jan-2014,31-Dec-2015,4700,306.55,1610.35,6191.45,
NIFTY,06-Mar-2014,28-Dec-2017,6700,89.9,1786.05,6401.15,1.08416541769682
NIFTY,01-Jan-2014,31-Dec-2015,7300,333.9,3191.7,6301.65,
NIFTY,07-Feb-2014,26-Jun-2014,6000,315.75,445.05,6063.2,0.904996303622066
NIFTY,12-Feb-2014,30-Jun-2016,8600,1174.15,289.45,6084,
NIFTY,12-Mar-2014,29-Jun-2017,7500,582.95,1238.3,6516.9,0.602251341521297
NIFTY,28-Feb-2014,29-May-2014,7600,1180.55,1407.35,6276.95,0.216908902162698
NIFTY,21-Mar-2014,29-May-2014,7500,895,2.25,6493.2,
NIFTY,25-Feb-2014,24-Dec-2014,3300,19.5,150,6200.05,0.951120139060694
NIFTY,03-Feb-2014,27-Mar-2014,7500,1393.15,26.5,6001.8,0.472753315977393
NIFTY,22-Jan-2014,25-Jun-2015,6200,252.6,1079.6,6338.95,0.275499306560771
NIFTY,24-Jan-2014,30-Jan-2014,7600,1157.2,0.5,6266.75,
NIFTY,26-Feb-2014,28-Dec-2017,3800,0.1,3511.15,6238.8,0.452779573380362
NIFTY,12-Mar-2014,24-Dec-2014,5700,454.5,1406.45,6516.9,-0.063768666224088
NIFTY,02-Jan-2014,31-Dec-2015,3600,2.3,435,6221.15,1.04255857760695
NIFTY,16-Jan-2014,25-Sep-2014,8700,1864.8,2644.95,6318.9,0.324577805592509
NIFTY,23-Jan-2014,31-Dec-2015,6800,239.45,2896.5,6345.65,
NIFTY,22-Mar-2014,27-Dec-2018,5000,38.55,3204.05,6494.9,0.469177183820339
NIFTY,21-Feb-2014,25-Sep-2014,6200,620.3,243.4,6155.45,0.268839429796747
NIFTY,19-Mar-2014,29-May-2014,6600,288.55,28.3,6524.05,0.438585164110119
NIFTY,14-Jan-2014,25-Jun-2015,3000,3.35,258.65,6241.85,0.656933554729309
NIFTY,30-Jan-2014,26-Feb-2014,7500,1379.3,1289.25,6073.7,
NIFTY,21-Feb-2014,29-Jun-2017,3900,16.95,2794.25,6155.45,0.751613693570156
NIFTY,08-Jan-2014,27-Dec-2018,6100,122.3,3749.6,6174.6,0.493941335476394
NIFTY,12-Feb-2014,24-Dec-2014,8100,655.4,39,6084,1.00282058452403
NIFTY,24-Feb-2014,24-Dec-2014,6700,356.15,220,6186.1,
NIFTY,13-Mar-2014,28-Dec-2017,4000,0.25,3511.15,6493.1,
NIFTY,03-Feb-2014,27-Dec-2018,5700,84.15,3504,6001.8,0.629126446750918
NIFTY,23-Jan-2014,25-Jun-2015,7400,394.75,3436.95,6345.65,
NIFTY,03-Feb-2014,27-Mar-2014,6050,141.4,1080,6001.8,
NIFTY,23-Jan-2014,26-Feb-2014,4650,0.1,61.15,6345.65,
NIFTY,18-Feb-2014,28-Dec-2017,3500,53.35,3511.15,6127.1,
NIFTY,06-Mar-2014,31-Dec-2015,7400,355.1,571,6401.15,0.319282252613699
NIFTY,04-Mar-2014,24-Dec-2014,5700,454.5,1508.4,6297.95,0.217093077878299
NIFTY,20-Jan-2014,26-Jun-2014,4000,10,3370,6303.95,
NIFTY,10-Jan-2014,29-Jun-2017,6800,377.15,1807.5,6171.45,0.204669066651292
NIFTY,18-Feb-2014,25-Sep-2014,7700,1487.1,318.3,6127.1,0.463113028260474
NIFTY,21-Feb-2014,24-Apr-2014,5200,2.1,1619.05,6155.45,
NIFTY,20-Feb-2014,24-Apr-2014,6000,82.3,17.85,6091.45,0.552166108690543
NIFTY,10-Feb-2014,24-Apr-2014,6250,217.4,132.1,6053.45,0.115217630149191
NIFTY,27-Jan-2014,26-Feb-2014,6050,73,1.1,6135.85,0.684738819882286
NIFTY,18-Feb-2014,28-Jun-2018,5000,276,2505.6,6127.1,0.211834178660148
NIFTY,15-Jan-2014,31-Dec-2015,4100,11.8,385,6320.9,0.411450956046912
NIFTY,06-Mar-2014,24-Dec-2014,7000,620,260,6401.15,0.205091104574177
NIFTY,03-Jan-2014,31-Dec-2015,6700,222.85,2613.95,6211.15,0.235059017430141
NIFTY,28-Feb-2014,24-Dec-2014,4500,50,1555.2,6276.95,
NIFTY,08-Jan-2014,30-Jun-2016,6200,236.35,739.5,6174.6,0.314566373698273
NIFTY,18-Mar-2014,24-Dec-2014,6500,369.95,3381.7,6516.65,0.333800736547682
NIFTY,08-Jan-2014,26-Jun-2014,4900,50,30.45,6174.6,
NIFTY,20-Jan-2014,24-Dec-2014,4700,90,1050,6303.95,
NIFTY,21-Feb-2014,24-Dec-2014,7700,525.25,30,6155.45,0.939887826321095
NIFTY,13-Feb-2014,30-Jun-2016,3500,10.45,3294.6,6001.1,0.385669564921936
NIFTY,02-Jan-2014,26-Jun-2014,4100,42.25,198,6221.15,
NIFTY,13-Mar-2014,27-Dec-2018,7500,339.55,1947.5,6493.1,2.31569413184805
NIFTY,07-Feb-2014,30-Jun-2016,5500,311,1435.7,6063.2,
NIFTY,11-Mar-2014,31-Dec-2015,3500,38.95,292.65,6511.9,1.77000968952019
NIFTY,07-Mar-2014,24-Apr-2014,5850,11.2,325,6526.65,0.556672417273126
NIFTY,25-Feb-2014,24-Apr-2014,4600,0.05,700,6200.05,
NIFTY,28-Feb-2014,28-Jun-2018,7400,650.7,1507.1,6276.95,0.575504231764191
NIFTY,04-Mar-2014,25-Jun-2015,7700,471.7,410,6297.95,0.182739918748996
NIFTY,21-Mar-2014,24-Dec-2014,5200,180,1167.5,6493.2,
NIFTY,20-Mar-2014,29-May-2014,5600,40.65,1000,6483.1,0.147549624624537
NIFTY,02-Jan-2014,27-Mar-2014,7000,660,26.5,6221.15,
NIFTY,07-Feb-2014,26-Feb-2014,5500,4.65,669.35,6063.2,0.382849813149492
NIFTY,11-Feb-2014,24-Dec-2014,6800,335.25,175,6062.7,
NIFTY,24-Jan-2014,27-Mar-2014,4100,0.5,740,6266.75,0.202787706153771
NIFTY,21-Feb-2014,30-Jun-2016,7200,442.5,802.15,6155.45,
NIFTY,22-Mar-2014,31-Dec-2015,8600,612.5,220,6494.9,
NIFTY,24-Feb-2014,28-Dec-2017,5700,22.95,2130,6186.1,0.362389189249374
NIFTY,01-Jan-2014,27-Dec-2018,8400,553.05,2226.8,6301.65,0.26665972837197
NIFTY,19-Feb-2014,31-Dec-2015,5000,182,3252.05,6152.75,
NIFTY,17-Feb-2014,29-Jun-2017,8400,417.9,877.35,6073.3,0.216803894948545
NIFTY,05-Feb-2014,26-Jun-2014,6400,395,1070,6022.4,0.253259370621459
NIFTY,10-Jan-2014,29-Dec-2016,3700,124.45,1580.3,6171.45,0.101483707748394
NIFTY,24-Feb-2014,25-Jun-2015,3200,17.15,2102.1,6186.1,0.181325855073605
NIFTY,14-Mar-2014,26-Jun-2014,8700,1990.3,741.55,6504.2,
NIFTY,10-Feb-2014,29-Dec-2016,5200,395.05,1866.9,6053.45,1.2231028829018
NIFTY,23-Jan-2014,27-Mar-2014,5650,20.95,2,6345.65,0.045927338521425
NIFTY,03-Mar-2014,28-Dec-2017,7400,184.15,1277.25,6221.45,
NIFTY,18-Feb-2014,31-Dec-2015,3700,5.55,3144.65,6127.1,0.193420549702641
NIFTY,06-Feb-2014,28-Jun-2018,4800,113.1,2665.1,6036.3,
NIFTY,20-Jan-2014,27-Dec-2018,6900,229.8,1539.35,6303.95,0.427204158708323
NIFTY,12-Mar-2014,27-Mar-2014,7000,445.85,14.7,6516.9,
NIFTY,02-Jan-2014,29-Dec-2016,4200,226.25,1427.35,6221.15,
NIFTY,14-Mar-2014,29-Jun-2017,7900,283.45,1140.45,6504.2,1.51246303716713
NIFTY,03-Jan-2014,28-Jun-2018,8700,931.45,1504.8,6211.15,0.392966234183425
NIFTY,10-Mar-2014,24-Dec-2014,3300,19.5,2882.95,6537.25,0.506757601148587
NIFTY,11-Feb-2014,28-Dec-2017,4300,1.1,3058.95,6062.7,0.002795677331127
NIFTY,06-Jan-2014,26-Jun-2014,7400,486.25,322.65,6191.45,
NIFTY,06-Jan-2014,31-Dec-2015,5500,339.6,1954.6,6191.45,
NIFTY,21-Feb-2014,27-Mar-2014,5500,3.8,1569,6155.45,
NIFTY,07-Jan-2014,24-Dec-2014,7800,556.35,3313.45,6162.25,0.369520941766223
NIFTY,09-Jan-2014,28-Dec-2017,5100,7.7,1520.15,6168.35,0.531181135923331
NIFTY,10-Jan-2014,25-Sep-2014,8000,1563.55,502.85,6171.45,0.179690971487804
NIFTY,01-Jan-2014,28-Jun-2018,5000,276,1542.25,6301.65,0.34175889481376
NIFTY,12-Feb-2014,27-Mar-2014,3800,0.65,2702.9,6084,
NIFTY,17-Jan-2014,26-Feb-2014,5750,22,10,6261.65,0.211095296230842
NIFTY,04-Mar-2014,26-Jun-2014,6200,300,408,6297.95,0.228356151072923
NIFTY,10-Jan-2014,29-Jun-2017,3200,3.95,3014.55,6171.45,0.622356734782178
NIFTY,28-Jan-2014,30-Jan-2014,7050,600,266.05,6126.25,
NIFTY,20-Feb-2014,30-Jun-2016,7900,422.7,3156.3,6091.45,0.137355876943876
NIFTY,20-Mar-2014,29-Dec-2016,3100,62.85,2816.65,6483.1,1.42133223771448
NIFTY,20-Mar-2014,28-Dec-2017,6900,112.2,1520.15,6483.1,
NIFTY,01-Jan-2014,30-Jan-2014,6150,37.2,1418.25,6301.65,
NIFTY,20-Feb-2014,28-Dec-2017,8300,320.35,1420,6091.45,0.369814946451807
NIFTY,18-Feb-2014,26-Jun-2014,4200,217,1822,6127.1,
NIFTY,14-Jan-2014,28-Dec-2017,4300,1.1,1181.9,6241.85,
NIFTY,05-Mar-2014,25-Sep-2014,3700,10.25,2256.25,6328.65,
NIFTY,26-Feb-2014,27-Mar-2014,5500,2.25,202.8,6238.8,0.48816493259169
NIFTY,14-Feb-2014,27-Mar-2014,5100,3.1,958,6048.35,0.5594938385977
NIFTY,08-Jan-2014,28-Dec-2017,7500,201.4,2805.8,6174.6,0.204886321871286
NIFTY,06-Jan-2014,24-Dec-2014,6300,366.9,2652.85,6191.45,0.14777267418435
NIFTY,21-Jan-2014,25-Jun-2015,7100,325.5,2091.2,6313.8,0.232585525471176
NIFTY,13-Feb-2014,31-Dec-2015,6300,581,2048.25,6001.1,1.21542373563658
NIFTY,28-Feb-2014,26-Jun-2014,5800,155,500,6276.95,0.296533175576231
NIFTY,17-Feb-2014,27-Mar-2014,5750,23.35,257.6,6073.3,
NIFTY,30-Jan-2014,30-Jan-2014,6000,0.15,0.05,6073.7,
NIFTY,21-Mar-2014,30-Jun-2016,3400,19.45,3001.95,6493.2,0.350333821765673
NIFTY,14-Mar-2014,31-Dec-2015,4900,250.65,2954.65,6504.2,0.304897798677141
NIFTY,21-Feb-2014,24-Dec-2014,7800,556.35,3513.25,6155.45,0.813973932977359
NIFTY,28-Feb-2014,27-Mar-2014,6800,504.8,1.1,6276.95,0.213453976344888
NIFTY,07-Feb-2014,31-Dec-2015,8200,551.85,255.6,6063.2,0.230824955587669
NIFTY,10-Jan-2014,27-Dec-2018,5300,55.1,3322.95,6171.45,0.108011758243767
NIFTY,08-Jan-2014,31-Dec-2015,7600,399.75,3013.25,6174.6,
NIFTY,07-Mar-2014,29-Dec-2016,4600,318.8,2022.6,6526.65,
NIFTY,05-Mar-2014,28-Jun-2018,8800,846.95,1369.6,6328.65,
NIFTY,07-Mar-2014,24-Apr-2014,7250,1029.45,4.05,6526.65,
NIFTY,26-Feb-2014,25-Sep-2014,5200,253.45,1139.2,6238.8,
NIFTY,04-Feb-2014,31-Dec-2015,5900,451.7,3191.7,6000.9,0.143493895634524
NIFTY,28-Jan-2014,30-Jan-2014,6400,258,0.55,6126.25,0.293830119564192
NIFTY,20-Feb-2014,28-Jun-2018,6700,455.85,1978.05,6091.45,0.963408184760209
NIFTY,20-Mar-2014,26-Jun-2014,6600,312.15,394.5,6483.1,0.477080486312913
NIFTY,06-Jan-2014,26-Feb-2014,5450,32.55,11.6,6191.45,
NIFTY,01-Jan-2014,28-Dec-2017,7300,167.65,2805.8,6301.65,0.611733225268726
NIFTY,13-Feb-2014,27-Mar-2014,3500,0.25,2702.9,6001.1,
NIFTY,20-Mar-2014,30-Jun-2016,4100,27.7,3117.75,6483.1,0.179690971487804
NIFTY,06-Jan-2014,28-Jun-2018,4500,83.15,1677.9,6191.45,
NIFTY,17-Feb-2014,27-Mar-2014,5750,23.35,257.6,6073.3,
NIFTY,19-Feb-2014,28-Jun-2018,7300,620.65,1507.1,6152.75,0.350446406337755
NIFTY,13-Mar-2014,31-Dec-2015,5600,275,1455,6493.1,1.12162675673629
NIFTY,07-Mar-2014,24-Apr-2014,5400,2.8,1133.35,6526.65,
NIFTY,07-Mar-2014,24-Apr-2014,4900,0.2,1325.45,6526.65,0.100571353447915
NIFTY,01-Jan-2014,30-Jun-2016,8100,495.8,1840.6,6301.65,1.52307824161301
NIFTY,26-Feb-2014,31-Dec-2015,6400,617.2,1456.4,6238.8,0.450495533716338
NIFTY,08-Jan-2014,24-Dec-2014,8200,690.25,1023.15,6174.6,1.83742834635767
NIFTY,06-Feb-2014,24-Dec-2014,5200,692.5,3110.6,6036.3,0.473361692681535
NIFTY,22-Jan-2014,30-Jun-2016,3100,23.3,1435.7,6338.95,0.690550334085019
NIFTY,13-Jan-2014,27-Dec-2018,6200,133.4,3687.85,6272.75,0.221110609254475
NIFTY,03-Jan-2014,29-Jun-2017,5700,163.8,1249.05,6211.15,0.524049655966513
NIFTY,07-Mar-2014,31-Dec-2015,3200,18.25,2965.3,6526.65,
NIFTY,10-Jan-2014,26-Feb-2014,5150,9.7,486.55,6171.45,0.659546744041977
NIFTY,30-Jan-2014,29-Dec-2016,4200,157.2,1562,6073.7,
NIFTY,22-Mar-2014,29-May-2014,4850,0.05,1504.95,6494.9,
NIFTY,01-Jan-2014,25-Sep-2014,6500,765.9,1139.2,6301.65,0.162355606690677
NIFTY,07-Jan-2014,27-Dec-2018,8400,553.05,2226.8,6162.25,0.192248750256361
NIFTY,13-Mar-2014,28-Dec-2017,8300,320.35,1053.1,6493.1,0.20056168507153
NIFTY,15-Jan-2014,26-Feb-2014,5400,3.05,9.9,6320.9,0.282659486416308
NIFTY,02-Jan-2014,26-Jun-2014,2700,25.55,3400.65,6221.15,-0.081329175138677
NIFTY,06-Mar-2014,29-Dec-2016,3800,137.3,2512,6401.15,0.45764021802559
NIFTY,06-Mar-2014,28-Jun-2018,8300,967.15,1502,6401.15,
NIFTY,17-Feb-2014,24-Apr-2014,4750,0.05,1570.1,6073.3,
NIFTY,06-Feb-2014,31-Dec-2015,7700,423.2,1610.35,6036.3,0.643899970363275
NIFTY,22-Jan-2014,27-Dec-2018,6800,213.8,1654.3,6338.95,0.17098469897806
NIFTY,11-Mar-2014,28-Dec-2017,6200,48.2,1228.3,6511.9,0.082701173395766
NIFTY,07-Jan-2014,29-Dec-2016,5900,576.9,2022.6,6162.25,0.191967674128452
NIFTY,31-Jan-2014,27-Dec-2018,5400,61.55,2037.8,6089.5,0.461885269769247
NIFTY,12-Mar-2014,29-Dec-2016,3500,101.05,2610.7,6516.9,0.245655915542022
NIFTY,21-Feb-2014,27-Dec-2018,4800,29.75,2914.4,6155.45,1.1414927438983
NIFTY,28-Feb-2014,24-Apr-2014,7500,1151,0.1,6276.95,1.81032127419503
NIFTY,25-Feb-2014,27-Mar-2014,7900,1362.85,1870.6,6200.05,1.26609656118872
NIFTY,04-Feb-2014,27-Mar-2014,7750,1302.55,55.25,6000.9,-0.012630014836716
NIFTY,14-Feb-2014,24-Dec-2014,4200,64.85,3245.5,6048.35,0.580698981542886
NIFTY,21-Mar-2014,24-Apr-2014,7250,740.35,3.2,6493.2,
NIFTY,28-Jan-2014,26-Feb-2014,7200,974.85,668.05,6126.25,0.530349296205249
NIFTY,07-Feb-2014,26-Feb-2014,6150,135.5,111.15,6063.2,0.536720638706707
NIFTY,04-Feb-2014,27-Mar-2014,8600,1887.45,2,6000.9,0.251895226540572
NIFTY,06-Mar-2014,27-Mar-2014,4600,0.35,1587.5,6401.15,0.209477708984824
NIFTY,10-Mar-2014,25-Jun-2015,7100,325.5,1385.8,6537.25,0.273800663614161
NIFTY,25-Feb-2014,30-Jun-2016,6600,742,1327.5,6200.05,0.508066495615293
NIFTY,19-Feb-2014,24-Apr-2014,6800,639.35,700,6152.75,
NIFTY,06-Jan-2014,27-Dec-2018,8400,553.05,2427,6191.45,
NIFTY,07-Mar-2014,29-May-2014,6300,178.15,481.6,6526.65,1.17534141875008
NIFTY,09-Jan-2014,27-Mar-2014,5800,56.15,8,6168.35,0.332013110658658
NIFTY,18-Feb-2014,29-Dec-2016,6000,495,1549.7,6127.1,
NIFTY,20-Jan-2014,30-Jun-2016,8400,617.4,1840.6,6303.95,
NIFTY,11-Feb-2014,26-Feb-2014,5750,14.15,287.45,6062.7,0.195077666711723
NIFTY,10-Jan-2014,31-Dec-2015,8500,638.15,3753.4,6171.45,0.821426418663646
NIFTY,08-Jan-2014,26-Jun-2014,3400,27,3233.8,6174.6,0.523594007726894
NIFTY,08-Jan-2014,30-Jan-2014,6950,730.1,0.5,6174.6,0.099250784831184
NIFTY,03-Mar-2014,29-May-2014,7150,752.2,12.2,6221.45,
NIFTY,29-Jan-2014,26-Jun-2014,5100,60,47.95,6120.25,0.958135435888675
NIFTY,07-Jan-2014,28-Dec-2017,6400,62.65,2012.8,6162.25,0.521675668106131
NIFTY,08-Jan-2014,27-Mar-2014,5550,13.45,7.35,6174.6,
NIFTY,26-Feb-2014,27-Mar-2014,6150,45.85,0.65,6238.8,0.186085755461703
NIFTY,07-Jan-2014,25-Jun-2015,8300,649.3,2992.5,6162.25,
NIFTY,13-Mar-2014,30-Jun-2016,8100,495.8,389.5,6493.1,0.297666934806703
NIFTY,03-Mar-2014,27-Mar-2014,4200,0.1,1690.45,6221.45,-1.62067518983856
NIFTY,09-Jan-2014,30-Jun-2016,7500,480.8,1561.3,6168.35,0.235861199887735
NIFTY,24-Jan-2014,27-Mar-2014,5500,11.85,6.85,6266.75,
NIFTY,14-Jan-2014,28-Jun-2018,5800,259.5,1668.95,6241.85,
NIFTY,17-Feb-2014,28-Dec-2017,6500,70.95,2071.1,6073.3,0.262568527865407
NIFTY,13-Mar-2014,25-Jun-2015,7300,370.8,1635.5,6493.1,0.586035015752759
NIFTY,04-Mar-2014,31-Dec-2015,4000,63.65,3558.65,6297.95,0.072074981250957
NIFTY,21-Feb-2014,31-Dec-2015,8500,638.15,1531.95,6155.45,0.150300761737448
NIFTY,16-Jan-2014,26-Feb-2014,7650,1317.4,1548.6,6318.9,
NIFTY,18-Mar-2014,30-Jun-2016,2900,25.75,1840.6,6516.65,0.37044707858098
NIFTY,07-Jan-2014,28-Jun-2018,4000,45.85,1502,6162.25,0.270683506792997
NIFTY,20-Feb-2014,29-Jun-2017,4800,213,1712.1,6091.45,0.258501972986111
NIFTY,04-Feb-2014,25-Jun-2015,3000,3.35,157.95,6000.9,0.174480944136704
NIFTY,24-Jan-2014,26-Jun-2014,5100,60,1450,6266.75,
NIFTY,24-Jan-2014,27-Mar-2014,5700,20,20.4,6266.75,
NIFTY,04-Feb-2014,31-Dec-2015,3900,8.2,545.85,6000.9,
NIFTY,14-Mar-2014,27-Mar-2014,4950,1,1239.85,6504.2,0.113427377601741
NIFTY,28-Feb-2014,29-Dec-2016,8600,1073.9,409.5,6276.95,0.417195859009224
NIFTY,24-Feb-2014,24-Apr-2014,7200,981.75,325,6186.1,
NIFTY,06-Mar-2014,29-Dec-2016,7700,485.6,971.3,6401.15,0.469227104080159
NIFTY,13-Mar-2014,25-Sep-2014,8500,1852.35,56.85,6493.1,
NIFTY,20-Mar-2014,29-Jun-2017,8800,1020.5,869.5,6483.1,0.164626685872754
NIFTY,07-Jan-2014,28-Dec-2017,7700,239,2932.1,6162.25,1.02103900504337
NIFTY,22-Mar-2014,25-Jun-2015,8600,691.55,351.75,6494.9,
NIFTY,28-Feb-2014,24-Apr-2014,6800,550,17.3,6276.95,0.055292289314348
NIFTY,13-Mar-2014,30-Jun-2016,7400,492.6,1561.3,6493.1,
NIFTY,18-Feb-2014,27-Mar-2014,4950,0.4,1250.35,6127.1,0.55062339948056
NIFTY,11-Mar-2014,29-Jun-2017,8200,360.4,1127.85,6511.9,0.285987139197573
NIFTY,10-Mar-2014,28-Jun-2018,5300,177,2303.15,6537.25,-0.003258125977019
NIFTY,13-Jan-2014,26-Feb-2014,5150,9.7,486.55,6272.75,
NIFTY,10-Mar-2014,29-May-2014,7000,504,4.8,6537.25,
NIFTY,21-Jan-2014,27-Dec-2018,5100,43.6,3443.35,6313.8,-1.82680164948555
NIFTY,05-Mar-2014,28-Dec-2017,5500,16.35,2493.55,6328.65,0.200300722976187
NIFTY,13-Mar-2014,27-Mar-2014,4100,0.05,2498.3,6493.1,0.1870528499342
NIFTY,07-Feb-2014,24-Apr-2014,6450,311,64.1,6063.2,0.124751693769264
NIFTY,14-Feb-2014,29-Dec-2016,7100,625.3,954.5,6048.35,
NIFTY,19-Mar-2014,29-May-2014,6300,171.15,254.75,6524.05,0.180370464972402
NIFTY,16-Jan-2014,26-Feb-2014,5250,15,557.85,6318.9,
NIFTY,28-Jan-2014,26-Jun-2014,5000,69.4,814.65,6126.25,
NIFTY,13-Mar-2014,28-Dec-2017,4800,4,2868.9,6493.1,0.150919383239134
NIFTY,06-Jan-2014,29-Dec-2016,7000,568.65,2416.3,6191.45,0.021157567284929
NIFTY,01-Jan-2014,29-Dec-2016,4800,323.1,1509.6,6301.65,0.046952139495053
NIFTY,06-Feb-2014,26-Feb-2014,7700,1364.7,0.5,6036.3,0.304661346600173
NIFTY,12-Mar-2014,31-Dec-2015,8200,551.85,292.65,6516.9,
NIFTY,23-Jan-2014,29-Jun-2017,6500,308.5,1759.4,6345.65,0.348474706128818
NIFTY,20-Feb-2014,27-Mar-2014,5800,21.05,0.05,6091.45,0.150528725582736
NIFTY,11-Mar-2014,29-May-2014,5750,61.6,467.7,6511.9,
NIFTY,23-Jan-2014,27-Mar-2014,7900,1362.85,1870.6,6345.65,0.476032955734919
NIFTY,22-Jan-2014,25-Jun-2015,5200,220.05,1674.4,6338.95,
NIFTY,20-Mar-2014,25-Sep-2014,8800,1885.65,180.35,6483.1,
NIFTY,27-Jan-2014,24-Dec-2014,5100,626.25,3532.1,6135.85,0.206022154844701
NIFTY,21-Mar-2014,31-Dec-2015,4100,11.8,3435.1,6493.2,0.31850133609223
NIFTY,03-Jan-2014,26-Jun-2014,3000,19.65,3416.75,6211.15,
NIFTY,17-Jan-2014,25-Jun-2015,5300,338.6,999,6261.65,0.479988018622032
NIFTY,28-Jan-2014,31-Dec-2015,3600,2.3,3013.25,6126.25,
NIFTY,14-Mar-2014,25-Jun-2015,6300,291.95,1498.7,6504.2,0.374329609143271
NIFTY,20-Jan-2014,31-Dec-2015,4900,250.65,1819.8,6303.95,0.193354918379145
NIFTY,09-Jan-2014,28-Dec-2017,6000,214.35,1955.1,6168.35,
NIFTY,13-Mar-2014,29-Dec-2016,5800,548.9,1654.5,6493.1,0.17813392643743
NIFTY,10-Feb-2014,24-Dec-2014,4600,120,1922.3,6053.45,
NIFTY,24-Jan-2014,24-Dec-2014,4500,61,1406.45,6266.75,1.27937045237496
NIFTY,14-Jan-2014,28-Dec-2017,7000,124.65,2617.7,6241.85,1.53962855510623
NIFTY,06-Jan-2014,25-Jun-2015,7100,325.5,1081,6191.45,
NIFTY,04-Feb-2014,29-Jun-2017,6800,377.15,2443.6,6000.9,0.470997327751329
NIFTY,10-Mar-2014,28-Jun-2018,5800,259.5,2112.85,6537.25,0.309812043278229
NIFTY,01-Jan-2014,27-Dec-2018,6700,198.7,1539.35,6301.65,0.165941802308682
NIFTY,16-Jan-2014,31-Dec-2015,4400,19.25,1531.95,6318.9,0.274952813349142
NIFTY,26-Feb-2014,27-Dec-2018,8400,553.05,1466.5,6238.8,
NIFTY,20-Feb-2014,28-Jun-2018,6000,297.75,2505.6,6091.45,
NIFTY,30-Jan-2014,27-Mar-2014,4700,6,553.35,6073.7,0.283923628932011
NIFTY,24-Feb-2014,29-Dec-2016,4000,228.1,2512,6186.1,0.39039016895401
NIFTY,13-Mar-2014,26-Jun-2014,4200,217,2973,6493.1,0.297701597059476
NIFTY,12-Mar-2014,28-Jun-2018,7500,681.5,1472.65,6516.9,
NIFTY,31-Jan-2014,24-Dec-2014,3200,15.65,3450.2,6089.5,0.328874533980034
NIFTY,06-Feb-2014,26-Jun-2014,3900,6.65,2624.6,6036.3,0.290326043461339
NIFTY,10-Mar-2014,28-Jun-2018,3700,37.35,3179.05,6537.25,0.211099329757055
NIFTY,02-Jan-2014,30-Jan-2014,5450,2,1084.45,6221.15,1.60930859104203
NIFTY,07-Feb-2014,25-Sep-2014,7800,1420.95,502.85,6063.2,
NIFTY,11-Mar-2014,26-Jun-2014,4400,382.7,60.15,6511.9,0.52886289760291
NIFTY,09-Jan-2014,27-Dec-2018,4100,10.2,2637.7,6168.35,0.255974370916476
NIFTY,14-Jan-2014,26-Feb-2014,5700,13.25,4.1,6241.85,0.101655337859922
NIFTY,14-Mar-2014,29-Jun-2017,4700,56.3,2220.45,6504.2,0.111256287837107
NIFTY,05-Mar-2014,29-Jun-2017,7400,522.65,1383.6,6328.65,
NIFTY,06-Mar-2014,27-Mar-2014,8300,1701,1.3,6401.15,0.094059511366632
NIFTY,03-Feb-2014,24-Apr-2014,6700,530.8,0.7,6001.8,0.699442836653195
NIFTY,04-Mar-2014,25-Jun-2015,7000,404.55,1680.15,6297.95,
NIFTY,07-Jan-2014,24-Dec-2014,7300,410.95,3245.5,6162.25,0.645382965798145
NIFTY,16-Jan-2014,31-Dec-2015,7500,377.05,3072.3,6318.9,
NIFTY,21-Jan-2014,30-Jun-2016,8100,495.8,1716.45,6313.8,0.509521694753949
NIFTY,25-Feb-2014,27-Mar-2014,3500,0.05,1587.5,6200.05,0.263843045231791
NIFTY,14-Jan-2014,31-Dec-2015,8800,1381.7,3099.85,6241.85,
NIFTY,16-Jan-2014,29-Jun-2017,6200,247.8,1620.25,6318.9,
NIFTY,06-Jan-2014,27-Dec-2018,7300,300.05,1615.35,6191.45,0.908051876031526
NIFTY,12-Mar-2014,31-Dec-2015,6300,525,720,6516.9,0.255630285967293
NIFTY,16-Jan-2014,25-Jun-2015,7900,527.5,3372.1,6318.9,
NIFTY,07-Mar-2014,27-Dec-2018,6900,229.8,1992.3,6526.65,
NIFTY,04-Feb-2014,24-Dec-2014,6300,429,1050,6000.9,0.112719967309958
NIFTY,14-Feb-2014,26-Feb-2014,5100,0.35,998,6048.35,0.900959460224608
NIFTY,08-Jan-2014,30-Jan-2014,5750,4.8,896,6174.6,
NIFTY,03-Feb-2014,30-Jun-2016,3000,27.65,2888,6001.8,0.120392981172716
NIFTY,10-Mar-2014,31-Dec-2015,3600,2.3,3252.05,6537.25,-0.018561057888772
NIFTY,05-Mar-2014,28-Jun-2018,4200,59,3060.65,6328.65,0.028833606127245
NIFTY,30-Jan-2014,29-Dec-2016,3800,137.3,1465.7,6073.7,
NIFTY,13-Jan-2014,31-Dec-2015,7400,355.1,2896.5,6272.75,0.220366360640897
NIFTY,03-Jan-2014,27-Dec-2018,7100,263.5,1734.4,6211.15,
NIFTY,20-Feb-2014,29-Dec-2016,7100,625.3,1295,6091.45,
NIFTY,18-Feb-2014,26-Feb-2014,4700,0.2,1450.05,6127.1,0.291694673334598
NIFTY,14-Mar-2014,29-Dec-2016,4300,250,2278.4,6504.2,
NIFTY,12-Feb-2014,28-Jun-2018,7000,535.05,1614.7,6084,0.30169378634428
NIFTY,27-Jan-2014,27-Mar-2014,4750,0.05,26.5,6135.85,0.736000244224078
NIFTY,02-Jan-2014,28-Dec-2017,4600,2.5,1231.6,6221.15,0.581228362644911
NIFTY,04-Feb-2014,31-Dec-2015,7200,965,1776.35,6000.9,0.740156725780773
NIFTY,24-Feb-2014,31-Dec-2015,5600,275,3435.1,6186.1,
NIFTY,12-Feb-2014,24-Dec-2014,3300,19.5,2882.95,6084,0.986713562339348
NIFTY,20-Feb-2014,30-Jun-2016,6600,742,507.5,6091.45,
NIFTY,15-Jan-2014,26-Feb-2014,6850,610,1258.5,6320.9,0.618847849249985
NIFTY,18-Mar-2014,26-Jun-2014,7900,657.1,3114.25,6516.65,1.51430850260845
NIFTY,20-Mar-2014,27-Dec-2018,7600,360.35,1775.55,6483.1,0.093828497796194
NIFTY,19-Mar-2014,28-Jun-2018,6600,431,1809.1,6524.05,
NIFTY,11-Feb-2014,31-Dec-2015,6700,222.85,2048.25,6062.7,
NIFTY,22-Mar-2014,30-Jun-2016,4700,300,2831.75,6494.9,0.553864625567539
NIFTY,10-Mar-2014,26-Jun-2014,7100,397.2,227.5,6537.25,0.608642983479441
NIFTY,03-Jan-2014,27-Mar-2014,7600,1321,412.3,6211.15,0.184701717170732
NIFTY,25-Feb-2014,25-Jun-2015,5600,419.35,3179.3,6200.05,
NIFTY,02-Jan-2014,29-Jun-2017,6200,247.8,1620.25,6221.15,0.275985621623314
NIFTY,21-Feb-2014,30-Jun-2016,2800,44.3,2856.2,6155.45,0.405407022588902
NIFTY,22-Jan-2014,28-Jun-2018,3700,37.35,1502,6338.95,
NIFTY,07-Jan-2014,25-Jun-2015,6000,400.1,1260.9,6162.25,0.921568297116041
NIFTY,07-Jan-2014,28-Jun-2018,7100,562.65,2453.9,6162.25,
NIFTY,06-Feb-2014,25-Jun-2015,7800,499.15,1680.15,6036.3,0.361335235199548
NIFTY,16-Jan-2014,26-Feb-2014,6550,272.85,1069.1,6318.9,
NIFTY,23-Jan-2014,29-Jun-2017,4900,71.95,1249.05,6345.65,
NIFTY,19-Mar-2014,24-Dec-2014,7700,525.25,250,6524.05,0.193151910588625
NIFTY,21-Feb-2014,29-Dec-2016,4300,250,2233.9,6155.45,0.084418499305617
NIFTY,05-Feb-2014,30-Jun-2016,3800,17.4,3152.25,6022.4,
NIFTY,14-Feb-2014,27-Mar-2014,5350,4.95,1053.7,6048.35,0.204636354266454
NIFTY,11-Mar-2014,29-Dec-2016,4600,318.8,805.25,6511.9,0.506682590438929
NIFTY,13-Feb-2014,27-Mar-2014,6950,582.05,2142.3,6001.1,0.828807102540246
NIFTY,02-Jan-2014,27-Dec-2018,8300,526.4,2178.45,6221.15,0.294397337489132
NIFTY,21-Feb-2014,24-Apr-2014,4700,0.05,5,6155.45,3.14332531751401
NIFTY,13-Mar-2014,25-Sep-2014,6400,715.65,850.15,6493.1,-0.067299726095337
NIFTY,18-Mar-2014,26-Jun-2014,2700,25.55,600,6516.65,
NIFTY,14-Feb-2014,29-Dec-2016,7600,536.9,637.35,6048.35,0.951487860634877
NIFTY,28-Feb-2014,27-Mar-2014,6400,146.85,36.15,6276.95,0.165583290152967
NIFTY,08-Jan-2014,31-Dec-2015,6800,239.45,2838.9,6174.6,0.200488614039219
NIFTY,21-Jan-2014,26-Jun-2014,8700,1990.3,1301.35,6313.8,
NIFTY,20-Jan-2014,30-Jan-2014,4600,0.2,12.85,6303.95,
NIFTY,05-Feb-2014,26-Jun-2014,5100,80,227.75,6022.4,0.189262609685516
NIFTY,28-Jan-2014,27-Mar-2014,5950,78,2165,6126.25,0.169532340628739
NIFTY,18-Mar-2014,24-Apr-2014,8050,1423.95,437.6,6516.65,0.823225011259405
NIFTY,09-Jan-2014,25-Jun-2015,6900,306.05,1081,6168.35,0.068893270769017
NIFTY,14-Feb-2014,31-Dec-2015,3300,22.3,3753.4,6048.35,
NIFTY,06-Feb-2014,26-Jun-2014,5600,132,264.9,6036.3,1.17295189565223
NIFTY,21-Mar-2014,28-Jun-2018,7800,795.85,1598.15,6493.2,0.21420405991049
NIFTY,29-Jan-2014,31-Dec-2015,7400,355.1,266.4,6120.25,0.168727817290519
NIFTY,07-Mar-2014,30-Jun-2016,3400,19.45,2848.85,6526.65,
NIFTY,17-Jan-2014,29-Dec-2016,3900,150.85,1543.3,6261.65,0.216626457574504
NIFTY,10-Mar-2014,24-Apr-2014,5450,16.4,1311.25,6537.25,0.681707145670933
NIFTY,29-Jan-2014,25-Jun-2015,6700,332.4,1084.5,6120.25,0.289547337103586
NIFTY,12-Feb-2014,24-Apr-2014,5550,40,700,6084,
NIFTY,28-Jan-2014,26-Feb-2014,5300,2.2,1.1,6126.25,0.937488419859993
NIFTY,09-Jan-2014,25-Jun-2015,7100,325.5,1266,6168.35,
NIFTY,03-Jan-2014,30-Jun-2016,6100,739,3007.3,6211.15,0.511448507532422
NIFTY,18-Feb-2014,28-Jun-2018,5800,259.5,2206.55,6127.1,1.01380703314872
NIFTY,25-Feb-2014,27-Mar-2014,7000,748.55,42.3,6200.05,
NIFTY,14-Mar-2014,28-Jun-2018,3500,53.5,3318.15,6504.2,0.140658958793642
NIFTY,03-Mar-2014,26-Jun-2014,6600,556.45,147.9,6221.45,0.231254860090448
NIFTY,20-Jan-2014,25-Jun-2015,5800,403.25,1260.9,6303.95,0.685966262703515
NIFTY,10-Feb-2014,26-Feb-2014,6750,435.55,1.8,6053.45,1.10217658727932
NIFTY,16-Jan-2014,26-Jun-2014,7700,585.45,490,6318.9,0.256331947288577
NIFTY,09-Jan-2014,25-Jun-2015,7000,404.55,2091.2,6168.35,0.332765016998081
NIFTY,18-Mar-2014,24-Apr-2014,4800,0.1,155.05,6516.65,0.228885212191459
NIFTY,08-Jan-2014,27-Mar-2014,6150,118.45,11.3,6174.6,0.243003126013538
NIFTY,08-Jan-2014,27-Dec-2018,8700,637.3,2325.55,6174.6,0.022152195656376
NIFTY,25-Feb-2014,24-Apr-2014,6600,334.5,326.6,6200.05,
NIFTY,06-Mar-2014,25-Sep-2014,6000,532.05,692.55,6401.15,0.948126117117016
NIFTY,22-Mar-2014,30-Jun-2016,3300,22.9,3095.35,6494.9,0.397698679413424
NIFTY,15-Jan-2014,28-Dec-2017,6100,42,1898.05,6320.9,0.165240811747718
NIFTY,04-Feb-2014,27-Dec-2018,6400,157.5,1615.35,6000.9,
NIFTY,10-Mar-2014,29-Jun-2017,7400,522.65,1383.6,6537.25,-0.094232570575502
NIFTY,23-Jan-2014,27-Mar-2014,8000,1500,1690.45,6345.65,
NIFTY,22-Jan-2014,27-Mar-2014,5500,10.6,100.25,6338.95,0.092852456501332
NIFTY,19-Mar-2014,24-Dec-2014,4700,100,1825.5,6524.05,0.417708756926036
NIFTY,13-Jan-2014,25-Jun-2015,3300,21.15,1167.3,6272.75,2.00320947702672
NIFTY,21-Jan-2014,31-Dec-2015,6600,752.8,1545,6313.8,-0.033821185163171
NIFTY,17-Jan-2014,25-Jun-2015,4600,161.85,1548.85,6261.65,0.186556517911266
NIFTY,18-Mar-2014,30-Jun-2016,5200,102.45,3007.3,6516.65,0.408371183927628
NIFTY,31-Jan-2014,31-Dec-2015,7900,472.45,1066.8,6089.5,
NIFTY,08-Jan-2014,28-Dec-2017,4800,4,1182.85,6174.6,
NIFTY,19-Feb-2014,29-Jun-2017,8500,436.65,994.65,6152.75,1.36862865912212
NIFTY,12-Feb-2014,27-Dec-2018,4000,8.5,3687.85,6084,
NIFTY,02-Jan-2014,29-Jun-2017,7700,425.05,2166.25,6221.15,
NIFTY,07-Jan-2014,26-Feb-2014,5800,31,15.55,6162.25,0.23832363910202
NIFTY,20-Jan-2014,30-Jan-2014,5550,0.4,759.95,6303.95,0.578497680655739
NIFTY,23-Jan-2014,28-Dec-2017,8400,344.85,3447.15,6345.65,
NIFTY,11-Mar-2014,29-Jun-2017,3800,14.15,2974.95,6511.9,
NIFTY,05-Feb-2014,25-Sep-2014,6800,926.5,623.45,6022.4,1.91395177580524
NIFTY,08-Jan-2014,31-Dec-2015,8200,551.85,3558.65,6174.6,0.201732391492944
NIFTY,27-Jan-2014,30-Jan-2014,5050,0.6,444.1,6135.85,0.857864095096167
NIFTY,05-Mar-2014,25-Sep-2014,5900,490.65,1035.55,6328.65,
NIFTY,25-Feb-2014,24-Dec-2014,7200,384.8,1142.85,6200.05,0.290358031523289
NIFTY,12-Mar-2014,26-Jun-2014,3100,16.7,2591.75,6516.9,
NIFTY,18-Mar-2014,25-Sep-2014,5300,281.75,220.85,6516.65,0.599552651068415
NIFTY,20-Feb-2014,30-Jun-2016,3700,119.15,1421,6091.45,
NIFTY,13-Jan-2014,27-Dec-2018,7100,263.5,1734.4,6272.75,0.202664932713522
NIFTY,12-Feb-2014,24-Apr-2014,7300,1077.4,2,6084,0.191727577016707
NIFTY,12-Feb-2014,25-Jun-2015,6000,400.1,1084.5,6084,
NIFTY,15-Jan-2014,25-Sep-2014,6900,983.15,1250.65,6320.9,0.259891615071351
NIFTY,13-Mar-2014,24-Dec-2014,7900,588.4,55,6493.1,0.341926271083717
NIFTY,12-Feb-2014,26-Feb-2014,6900,799.05,1,6084,
NIFTY,30-Jan-2014,24-Dec-2014,4600,120,3245.5,6073.7,0.537939443171282
NIFTY,02-Jan-2014,30-Jun-2016,4500,252,2887.4,6221.15,
NIFTY,02-Jan-2014,30-Jun-2016,5400,321,3033.3,6221.15,
NIFTY,18-Feb-2014,24-Apr-2014,5350,5.6,751.5,6127.1,
NIFTY,22-Mar-2014,29-May-2014,6100,120.1,389.6,6494.9,
NIFTY,04-Feb-2014,30-Jun-2016,4300,178,507.5,6000.9,0.448237698892295
NIFTY,02-Jan-2014,24-Dec-2014,6400,410,2652.85,6221.15,
NIFTY,12-Feb-2014,28-Dec-2017,6400,62.65,1786.05,6084,
